Sample in Buffer,Trigger,counter[7:0],run_enable_q,direction_q,load_q,free_tick
0,0,f,1,0,0,0
1,0,10,1,0,0,0
2,0,11,1,0,0,0
3,0,12,1,0,0,0
4,0,13,1,0,0,0
5,0,14,1,0,0,0
6,0,15,1,0,0,0
7,0,16,1,0,0,0
8,0,17,1,0,0,0
9,0,18,1,0,0,0
10,0,19,1,0,0,0
11,0,1a,1,0,0,0
12,0,1b,1,0,0,0
13,0,1c,1,0,0,1
14,0,1d,1,0,0,1
15,0,1e,1,0,0,1
16,0,1f,1,0,0,1
17,0,20,1,0,0,1
18,0,21,1,0,0,1
19,0,22,1,0,0,1
20,0,23,1,0,0,1
21,0,24,1,0,0,1
22,0,25,1,0,0,1
23,0,26,1,0,0,1
24,0,27,1,0,0,1
25,0,28,1,0,0,1
26,0,29,1,0,0,1
27,0,2a,1,0,0,1
28,0,2b,1,0,0,1
29,0,2c,1,0,0,0
30,0,2d,1,0,0,0
31,0,2e,1,0,0,0
32,0,2f,1,0,0,0
33,0,30,1,0,0,0
34,0,31,1,0,0,0
35,0,32,1,0,0,0
36,0,33,1,0,0,0
37,0,34,1,0,0,0
38,0,35,1,0,0,0
39,0,36,1,0,0,0
40,0,37,1,0,0,0
41,0,38,1,0,0,0
42,0,39,1,0,0,0
43,0,3a,1,0,0,0
44,0,3b,1,0,0,0
45,0,3c,1,0,0,1
46,0,3d,1,0,0,1
47,0,3e,1,0,0,1
48,0,3f,1,0,0,1
49,0,40,1,0,0,1
50,0,41,1,0,0,1
51,0,42,1,0,0,1
52,0,43,1,0,0,1
53,0,44,1,0,0,1
54,0,45,1,0,0,1
55,0,46,1,0,0,1
56,0,47,1,0,0,1
57,0,48,1,0,0,1
58,0,49,1,0,0,1
59,0,4a,1,0,0,1
60,0,4b,1,0,0,1
61,0,4c,1,0,0,0
62,0,4d,1,0,0,0
63,0,4e,1,0,0,0
64,0,4f,1,0,0,0
65,0,50,1,0,0,0
66,0,51,1,0,0,0
67,0,52,1,0,0,0
68,0,53,1,0,0,0
69,0,54,1,0,0,0
70,0,55,1,0,0,0
71,0,56,1,0,0,0
72,0,57,1,0,0,0
73,0,58,1,0,0,0
74,0,59,1,0,0,0
75,0,5a,1,0,0,0
76,0,5b,1,0,0,0
77,0,5c,1,0,0,1
78,0,5d,1,0,0,1
79,0,5e,1,0,0,1
80,0,5f,1,0,0,1
81,0,60,1,0,0,1
82,0,61,1,0,0,1
83,0,62,1,0,0,1
84,0,63,1,0,0,1
85,0,64,1,0,0,1
86,0,65,1,0,0,1
87,0,66,1,0,0,1
88,0,67,1,0,0,1
89,0,68,1,0,0,1
90,0,69,1,0,0,1
91,0,6a,1,0,0,1
92,0,6b,1,0,0,1
93,0,6c,1,0,0,0
94,0,6d,1,0,0,0
95,0,6e,1,0,0,0
96,0,6f,1,0,0,0
97,0,70,1,0,0,0
98,0,71,1,0,0,0
99,0,72,1,0,0,0
100,0,73,1,0,0,0
101,0,74,1,0,0,0
102,0,75,1,0,0,0
103,0,76,1,0,0,0
104,0,77,1,0,0,0
105,0,78,1,0,0,0
106,0,79,1,0,0,0
107,0,7a,1,0,0,0
108,0,7b,1,0,0,0
109,0,7c,1,0,0,1
110,0,7d,1,0,0,1
111,0,7e,1,0,0,1
112,0,7f,1,0,0,1
113,0,80,1,0,0,1
114,0,81,1,0,0,1
115,0,82,1,0,0,1
116,0,83,1,0,0,1
117,0,84,1,0,0,1
118,0,85,1,0,0,1
119,0,86,1,0,0,1
120,0,87,1,0,0,1
121,0,88,1,0,0,1
122,0,89,1,0,0,1
123,0,8a,1,0,0,1
124,0,8b,1,0,0,1
125,0,8c,1,0,0,0
126,0,8d,1,0,0,0
127,0,8e,1,0,0,0
128,0,8f,1,0,0,0
129,0,90,1,0,0,0
130,0,91,1,0,0,0
131,0,92,1,0,0,0
132,0,93,1,0,0,0
133,0,94,1,0,0,0
134,0,95,1,0,0,0
135,0,96,1,0,0,0
136,0,97,1,0,0,0
137,0,98,1,0,0,0
138,0,99,1,0,0,0
139,0,9a,1,0,0,0
140,0,9b,1,0,0,0
141,0,9c,1,0,0,1
142,0,9d,1,0,0,1
143,0,9e,1,0,0,1
144,0,9f,1,0,0,1
145,0,a0,1,0,0,1
146,0,a1,1,0,0,1
147,0,a2,1,0,0,1
148,0,a3,1,0,0,1
149,0,a4,1,0,0,1
150,0,a5,1,0,0,1
151,0,a6,1,0,0,1
152,0,a7,1,0,0,1
153,0,a8,1,0,0,1
154,0,a9,1,0,0,1
155,0,aa,1,0,0,1
156,0,ab,1,0,0,1
157,0,ac,1,0,0,0
158,0,ad,1,0,0,0
159,0,ae,1,0,0,0
160,0,af,1,0,0,0
161,0,b0,1,0,0,0
162,0,b1,1,0,0,0
163,0,b2,1,0,0,0
164,0,b3,1,0,0,0
165,0,b4,1,0,0,0
166,0,b5,1,0,0,0
167,0,b6,1,0,0,0
168,0,b7,1,0,0,0
169,0,b8,1,0,0,0
170,0,b9,1,0,0,0
171,0,ba,1,0,0,0
172,0,bb,1,0,0,0
173,0,bc,1,0,0,1
174,0,bd,1,0,0,1
175,0,be,1,0,0,1
176,0,bf,1,0,0,1
177,0,c0,1,0,0,1
178,0,c1,1,0,0,1
179,0,c2,1,0,0,1
180,0,c3,1,0,0,1
181,0,c4,1,0,0,1
182,0,c5,1,0,0,1
183,0,c6,1,0,0,1
184,0,c7,1,0,0,1
185,0,c8,1,0,0,1
186,0,c9,1,0,0,1
187,0,ca,1,0,0,1
188,0,cb,1,0,0,1
189,0,cc,1,0,0,0
190,0,cd,1,0,0,0
191,0,ce,1,0,0,0
192,0,cf,1,0,0,0
193,0,d0,1,0,0,0
194,0,d1,1,0,0,0
195,0,d2,1,0,0,0
196,0,d3,1,0,0,0
197,0,d4,1,0,0,0
198,0,d5,1,0,0,0
199,0,d6,1,0,0,0
200,0,d7,1,0,0,0
201,0,d8,1,0,0,0
202,0,d9,1,0,0,0
203,0,da,1,0,0,0
204,0,db,1,0,0,0
205,0,dc,1,0,0,1
206,0,dd,1,0,0,1
207,0,de,1,0,0,1
208,0,df,1,0,0,1
209,0,e0,1,0,0,1
210,0,e1,1,0,0,1
211,0,e2,1,0,0,1
212,0,e3,1,0,0,1
213,0,e4,1,0,0,1
214,0,e5,1,0,0,1
215,0,e6,1,0,0,1
216,0,e7,1,0,0,1
217,0,e8,1,0,0,1
218,0,e9,1,0,0,1
219,0,ea,1,0,0,1
220,0,eb,1,0,0,1
221,0,ec,1,0,0,0
222,0,ed,1,0,0,0
223,0,ee,1,0,0,0
224,0,ef,1,0,0,0
225,0,f0,1,0,0,0
226,0,f1,1,0,0,0
227,0,f2,1,0,0,0
228,0,f3,1,0,0,0
229,0,f4,1,0,0,0
230,0,f5,1,0,0,0
231,0,f6,1,0,0,0
232,0,f7,1,0,0,0
233,0,f8,1,0,0,0
234,0,f9,1,0,0,0
235,0,fa,1,0,0,0
236,0,fb,1,0,0,0
237,0,fc,1,0,0,1
238,0,fd,1,0,0,1
239,0,fe,1,0,0,1
240,0,ff,1,0,0,1
241,0,0,1,0,0,1
242,0,1,1,0,0,1
243,0,2,1,0,0,1
244,0,3,1,0,0,1
245,0,4,1,0,0,1
246,0,5,1,0,0,1
247,0,6,1,0,0,1
248,0,7,1,0,0,1
249,0,8,1,0,0,1
250,0,9,1,0,0,1
251,0,a,1,0,0,1
252,0,b,1,0,0,1
253,0,c,1,0,0,0
254,0,d,1,0,0,0
255,0,e,1,0,0,0
256,0,f,1,0,0,0
257,0,10,1,0,0,0
258,0,11,1,0,0,0
259,0,12,1,0,0,0
260,0,13,1,0,0,0
261,0,14,1,0,0,0
262,0,15,1,0,0,0
263,0,16,1,0,0,0
264,0,17,1,0,0,0
265,0,18,1,0,0,0
266,0,19,1,0,0,0
267,0,1a,1,0,0,0
268,0,1b,1,0,0,0
269,0,1c,1,0,0,1
270,0,1d,1,0,0,1
271,0,1e,1,0,0,1
272,0,1f,1,0,0,1
273,0,20,1,0,0,1
274,0,21,1,0,0,1
275,0,22,1,0,0,1
276,0,23,1,0,0,1
277,0,24,1,0,0,1
278,0,25,1,0,0,1
279,0,26,1,0,0,1
280,0,27,1,0,0,1
281,0,28,1,0,0,1
282,0,29,1,0,0,1
283,0,2a,1,0,0,1
284,0,2b,1,0,0,1
285,0,2c,1,0,0,0
286,0,2d,1,0,0,0
287,0,2e,1,0,0,0
288,0,2f,1,0,0,0
289,0,30,1,0,0,0
290,0,31,1,0,0,0
291,0,32,1,0,0,0
292,0,33,1,0,0,0
293,0,34,1,0,0,0
294,0,35,1,0,0,0
295,0,36,1,0,0,0
296,0,37,1,0,0,0
297,0,38,1,0,0,0
298,0,39,1,0,0,0
299,0,3a,1,0,0,0
300,0,3b,1,0,0,0
301,0,3c,1,0,0,1
302,0,3d,1,0,0,1
303,0,3e,1,0,0,1
304,0,3f,1,0,0,1
305,0,40,1,0,0,1
306,0,41,1,0,0,1
307,0,42,1,0,0,1
308,0,43,1,0,0,1
309,0,44,1,0,0,1
310,0,45,1,0,0,1
311,0,46,1,0,0,1
312,0,47,1,0,0,1
313,0,48,1,0,0,1
314,0,49,1,0,0,1
315,0,4a,1,0,0,1
316,0,4b,1,0,0,1
317,0,4c,1,0,0,0
318,0,4d,1,0,0,0
319,0,4e,1,0,0,0
320,0,4f,1,0,0,0
321,0,50,1,0,0,0
322,0,51,1,0,0,0
323,0,52,1,0,0,0
324,0,53,1,0,0,0
325,0,54,1,0,0,0
326,0,55,1,0,0,0
327,0,56,1,0,0,0
328,0,57,1,0,0,0
329,0,58,1,0,0,0
330,0,59,1,0,0,0
331,0,5a,1,0,0,0
332,0,5b,1,0,0,0
333,0,5c,1,0,0,1
334,0,5d,1,0,0,1
335,0,5e,1,0,0,1
336,0,5f,1,0,0,1
337,0,60,1,0,0,1
338,0,61,1,0,0,1
339,0,62,1,0,0,1
340,0,63,1,0,0,1
341,0,64,1,0,0,1
342,0,65,1,0,0,1
343,0,66,1,0,0,1
344,0,67,1,0,0,1
345,0,68,1,0,0,1
346,0,69,1,0,0,1
347,0,6a,1,0,0,1
348,0,6b,1,0,0,1
349,0,6c,1,0,0,0
350,0,6d,1,0,0,0
351,0,6e,1,0,0,0
352,0,6f,1,0,0,0
353,0,70,1,0,0,0
354,0,71,1,0,0,0
355,0,72,1,0,0,0
356,0,73,1,0,0,0
357,0,74,1,0,0,0
358,0,75,1,0,0,0
359,0,76,1,0,0,0
360,0,77,1,0,0,0
361,0,78,1,0,0,0
362,0,79,1,0,0,0
363,0,7a,1,0,0,0
364,0,7b,1,0,0,0
365,0,7c,1,0,0,1
366,0,7d,1,0,0,1
367,0,7e,1,0,0,1
368,0,7f,1,0,0,1
369,0,80,1,0,0,1
370,0,81,1,0,0,1
371,0,82,1,0,0,1
372,0,83,1,0,0,1
373,0,84,1,0,0,1
374,0,85,1,0,0,1
375,0,86,1,0,0,1
376,0,87,1,0,0,1
377,0,88,1,0,0,1
378,0,89,1,0,0,1
379,0,8a,1,0,0,1
380,0,8b,1,0,0,1
381,0,8c,1,0,0,0
382,0,8d,1,0,0,0
383,0,8e,1,0,0,0
384,0,8f,1,0,0,0
385,0,90,1,0,0,0
386,0,91,1,0,0,0
387,0,92,1,0,0,0
388,0,93,1,0,0,0
389,0,94,1,0,0,0
390,0,95,1,0,0,0
391,0,96,1,0,0,0
392,0,97,1,0,0,0
393,0,98,1,0,0,0
394,0,99,1,0,0,0
395,0,9a,1,0,0,0
396,0,9b,1,0,0,0
397,0,9c,1,0,0,1
398,0,9d,1,0,0,1
399,0,9e,1,0,0,1
400,0,9f,1,0,0,1
401,0,a0,1,0,0,1
402,0,a1,1,0,0,1
403,0,a2,1,0,0,1
404,0,a3,1,0,0,1
405,0,a4,1,0,0,1
406,0,a5,1,0,0,1
407,0,a6,1,0,0,1
408,0,a7,1,0,0,1
409,0,a8,1,0,0,1
410,0,a9,1,0,0,1
411,0,aa,1,0,0,1
412,0,ab,1,0,0,1
413,0,ac,1,0,0,0
414,0,ad,1,0,0,0
415,0,ae,1,0,0,0
416,0,af,1,0,0,0
417,0,b0,1,0,0,0
418,0,b1,1,0,0,0
419,0,b2,1,0,0,0
420,0,b3,1,0,0,0
421,0,b4,1,0,0,0
422,0,b5,1,0,0,0
423,0,b6,1,0,0,0
424,0,b7,1,0,0,0
425,0,b8,1,0,0,0
426,0,b9,1,0,0,0
427,0,ba,1,0,0,0
428,0,bb,1,0,0,0
429,0,bc,1,0,0,1
430,0,bd,1,0,0,1
431,0,be,1,0,0,1
432,0,bf,1,0,0,1
433,0,c0,1,0,0,1
434,0,c1,1,0,0,1
435,0,c2,1,0,0,1
436,0,c3,1,0,0,1
437,0,c4,1,0,0,1
438,0,c5,1,0,0,1
439,0,c6,1,0,0,1
440,0,c7,1,0,0,1
441,0,c8,1,0,0,1
442,0,c9,1,0,0,1
443,0,ca,1,0,0,1
444,0,cb,1,0,0,1
445,0,cc,1,0,0,0
446,0,cd,1,0,0,0
447,0,ce,1,0,0,0
448,0,cf,1,0,0,0
449,0,d0,1,0,0,0
450,0,d1,1,0,0,0
451,0,d2,1,0,0,0
452,0,d3,1,0,0,0
453,0,d4,1,0,0,0
454,0,d5,1,0,0,0
455,0,d6,1,0,0,0
456,0,d7,1,0,0,0
457,0,d8,1,0,0,0
458,0,d9,1,0,0,0
459,0,da,1,0,0,0
460,0,db,1,0,0,0
461,0,dc,1,0,0,1
462,0,dd,1,0,0,1
463,0,de,1,0,0,1
464,0,df,1,0,0,1
465,0,e0,1,0,0,1
466,0,e1,1,0,0,1
467,0,e2,1,0,0,1
468,0,e3,1,0,0,1
469,0,e4,1,0,0,1
470,0,e5,1,0,0,1
471,0,e6,1,0,0,1
472,0,e7,1,0,0,1
473,0,e8,1,0,0,1
474,0,e9,1,0,0,1
475,0,ea,1,0,0,1
476,0,eb,1,0,0,1
477,0,ec,1,0,0,0
478,0,ed,1,0,0,0
479,0,ee,1,0,0,0
480,0,ef,1,0,0,0
481,0,f0,1,0,0,0
482,0,f1,1,0,0,0
483,0,f2,1,0,0,0
484,0,f3,1,0,0,0
485,0,f4,1,0,0,0
486,0,f5,1,0,0,0
487,0,f6,1,0,0,0
488,0,f7,1,0,0,0
489,0,f8,1,0,0,0
490,0,f9,1,0,0,0
491,0,fa,1,0,0,0
492,0,fb,1,0,0,0
493,0,fc,1,0,0,1
494,0,fd,1,0,0,1
495,0,fe,1,0,0,1
496,0,ff,1,0,0,1
497,0,0,1,0,0,1
498,0,1,1,0,0,1
499,0,2,1,0,0,1
500,0,3,1,0,0,1
501,0,4,1,0,0,1
502,0,5,1,0,0,1
503,0,6,1,0,0,1
504,0,7,1,0,0,1
505,0,8,1,0,0,1
506,0,9,1,0,0,1
507,0,a,1,0,0,1
508,0,b,1,0,0,1
509,0,c,1,0,0,0
510,0,d,1,0,0,0
511,0,e,1,0,0,0
512,0,f,1,0,0,0
513,0,10,1,0,0,0
514,0,11,1,0,0,0
515,0,12,1,0,0,0
516,0,13,1,0,0,0
517,0,14,1,0,0,0
518,0,15,1,0,0,0
519,0,16,1,0,0,0
520,0,17,1,0,0,0
521,0,18,1,0,0,0
522,0,19,1,0,0,0
523,0,1a,1,0,0,0
524,0,1b,1,0,0,0
525,0,1c,1,0,0,1
526,0,1d,1,0,0,1
527,0,1e,1,0,0,1
528,0,1f,1,0,0,1
529,0,20,1,0,0,1
530,0,21,1,0,0,1
531,0,22,1,0,0,1
532,0,23,1,0,0,1
533,0,24,1,0,0,1
534,0,25,1,0,0,1
535,0,26,1,0,0,1
536,0,27,1,0,0,1
537,0,28,1,0,0,1
538,0,29,1,0,0,1
539,0,2a,1,0,0,1
540,0,2b,1,0,0,1
541,0,2c,1,0,0,0
542,0,2d,1,0,0,0
543,0,2e,1,0,0,0
544,0,2f,1,0,0,0
545,0,30,1,0,0,0
546,0,31,1,0,0,0
547,0,32,1,0,0,0
548,0,33,1,0,0,0
549,0,34,1,0,0,0
550,0,35,1,0,0,0
551,0,36,1,0,0,0
552,0,37,1,0,0,0
553,0,38,1,0,0,0
554,0,39,1,0,0,0
555,0,3a,1,0,0,0
556,0,3b,1,0,0,0
557,0,3c,1,0,0,1
558,0,3d,1,0,0,1
559,0,3e,1,0,0,1
560,0,3f,1,0,0,1
561,0,40,1,0,0,1
562,0,41,1,0,0,1
563,0,42,1,0,0,1
564,0,43,1,0,0,1
565,0,44,1,0,0,1
566,0,45,1,0,0,1
567,0,46,1,0,0,1
568,0,47,1,0,0,1
569,0,48,1,0,0,1
570,0,49,1,0,0,1
571,0,4a,1,0,0,1
572,0,4b,1,0,0,1
573,0,4c,1,0,0,0
574,0,4d,1,0,0,0
575,0,4e,1,0,0,0
576,0,4f,1,0,0,0
577,0,50,1,0,0,0
578,0,51,1,0,0,0
579,0,52,1,0,0,0
580,0,53,1,0,0,0
581,0,54,1,0,0,0
582,0,55,1,0,0,0
583,0,56,1,0,0,0
584,0,57,1,0,0,0
585,0,58,1,0,0,0
586,0,59,1,0,0,0
587,0,5a,1,0,0,0
588,0,5b,1,0,0,0
589,0,5c,1,0,0,1
590,0,5d,1,0,0,1
591,0,5e,1,0,0,1
592,0,5f,1,0,0,1
593,0,60,1,0,0,1
594,0,61,1,0,0,1
595,0,62,1,0,0,1
596,0,63,1,0,0,1
597,0,64,1,0,0,1
598,0,65,1,0,0,1
599,0,66,1,0,0,1
600,0,67,1,0,0,1
601,0,68,1,0,0,1
602,0,69,1,0,0,1
603,0,6a,1,0,0,1
604,0,6b,1,0,0,1
605,0,6c,1,0,0,0
606,0,6d,1,0,0,0
607,0,6e,1,0,0,0
608,0,6f,1,0,0,0
609,0,70,1,0,0,0
610,0,71,1,0,0,0
611,0,72,1,0,0,0
612,0,73,1,0,0,0
613,0,74,1,0,0,0
614,0,75,1,0,0,0
615,0,76,1,0,0,0
616,0,77,1,0,0,0
617,0,78,1,0,0,0
618,0,79,1,0,0,0
619,0,7a,1,0,0,0
620,0,7b,1,0,0,0
621,0,7c,1,0,0,1
622,0,7d,1,0,0,1
623,0,7e,1,0,0,1
624,0,7f,1,0,0,1
625,0,80,1,0,0,1
626,0,81,1,0,0,1
627,0,82,1,0,0,1
628,0,83,1,0,0,1
629,0,84,1,0,0,1
630,0,85,1,0,0,1
631,0,86,1,0,0,1
632,0,87,1,0,0,1
633,0,88,1,0,0,1
634,0,89,1,0,0,1
635,0,8a,1,0,0,1
636,0,8b,1,0,0,1
637,0,8c,1,0,0,0
638,0,8d,1,0,0,0
639,0,8e,1,0,0,0
640,0,8f,1,0,0,0
641,0,90,1,0,0,0
642,0,91,1,0,0,0
643,0,92,1,0,0,0
644,0,93,1,0,0,0
645,0,94,1,0,0,0
646,0,95,1,0,0,0
647,0,96,1,0,0,0
648,0,97,1,0,0,0
649,0,98,1,0,0,0
650,0,99,1,0,0,0
651,0,9a,1,0,0,0
652,0,9b,1,0,0,0
653,0,9c,1,0,0,1
654,0,9d,1,0,0,1
655,0,9e,1,0,0,1
656,0,9f,1,0,0,1
657,0,a0,1,0,0,1
658,0,a1,1,0,0,1
659,0,a2,1,0,0,1
660,0,a3,1,0,0,1
661,0,a4,1,0,0,1
662,0,a5,1,0,0,1
663,0,a6,1,0,0,1
664,0,a7,1,0,0,1
665,0,a8,1,0,0,1
666,0,a9,1,0,0,1
667,0,aa,1,0,0,1
668,0,ab,1,0,0,1
669,0,ac,1,0,0,0
670,0,ad,1,0,0,0
671,0,ae,1,0,0,0
672,0,af,1,0,0,0
673,0,b0,1,0,0,0
674,0,b1,1,0,0,0
675,0,b2,1,0,0,0
676,0,b3,1,0,0,0
677,0,b4,1,0,0,0
678,0,b5,1,0,0,0
679,0,b6,1,0,0,0
680,0,b7,1,0,0,0
681,0,b8,1,0,0,0
682,0,b9,1,0,0,0
683,0,ba,1,0,0,0
684,0,bb,1,0,0,0
685,0,bc,1,0,0,1
686,0,bd,1,0,0,1
687,0,be,1,0,0,1
688,0,bf,1,0,0,1
689,0,c0,1,0,0,1
690,0,c1,1,0,0,1
691,0,c2,1,0,0,1
692,0,c3,1,0,0,1
693,0,c4,1,0,0,1
694,0,c5,1,0,0,1
695,0,c6,1,0,0,1
696,0,c7,1,0,0,1
697,0,c8,1,0,0,1
698,0,c9,1,0,0,1
699,0,ca,1,0,0,1
700,0,cb,1,0,0,1
701,0,cc,1,0,0,0
702,0,cd,1,0,0,0
703,0,ce,1,0,0,0
704,0,cf,1,0,0,0
705,0,d0,1,0,0,0
706,0,d1,1,0,0,0
707,0,d2,1,0,0,0
708,0,d3,1,0,0,0
709,0,d4,1,0,0,0
710,0,d5,1,0,0,0
711,0,d6,1,0,0,0
712,0,d7,1,0,0,0
713,0,d8,1,0,0,0
714,0,d9,1,0,0,0
715,0,da,1,0,0,0
716,0,db,1,0,0,0
717,0,dc,1,0,0,1
718,0,dd,1,0,0,1
719,0,de,1,0,0,1
720,0,df,1,0,0,1
721,0,e0,1,0,0,1
722,0,e1,1,0,0,1
723,0,e2,1,0,0,1
724,0,e3,1,0,0,1
725,0,e4,1,0,0,1
726,0,e5,1,0,0,1
727,0,e6,1,0,0,1
728,0,e7,1,0,0,1
729,0,e8,1,0,0,1
730,0,e9,1,0,0,1
731,0,ea,1,0,0,1
732,0,eb,1,0,0,1
733,0,ec,1,0,0,0
734,0,ed,1,0,0,0
735,0,ee,1,0,0,0
736,0,ef,1,0,0,0
737,0,f0,1,0,0,0
738,0,f1,1,0,0,0
739,0,f2,1,0,0,0
740,0,f3,1,0,0,0
741,0,f4,1,0,0,0
742,0,f5,1,0,0,0
743,0,f6,1,0,0,0
744,0,f7,1,0,0,0
745,0,f8,1,0,0,0
746,0,f9,1,0,0,0
747,0,fa,1,0,0,0
748,0,fb,1,0,0,0
749,0,fc,1,0,0,1
750,0,fd,1,0,0,1
751,0,fe,1,0,0,1
752,0,ff,1,0,0,1
753,0,0,1,0,0,1
754,0,1,1,0,0,1
755,0,2,1,0,0,1
756,0,3,1,0,0,1
757,0,4,1,0,0,1
758,0,5,1,0,0,1
759,0,6,1,0,0,1
760,0,7,1,0,0,1
761,0,8,1,0,0,1
762,0,9,1,0,0,1
763,0,a,1,0,0,1
764,0,b,1,0,0,1
765,0,c,1,0,0,0
766,0,d,1,0,0,0
767,0,e,1,0,0,0
768,0,f,1,0,0,0
769,0,10,1,0,0,0
770,0,11,1,0,0,0
771,0,12,1,0,0,0
772,0,13,1,0,0,0
773,0,14,1,0,0,0
774,0,15,1,0,0,0
775,0,16,1,0,0,0
776,0,17,1,0,0,0
777,0,18,1,0,0,0
778,0,19,1,0,0,0
779,0,1a,1,0,0,0
780,0,1b,1,0,0,0
781,0,1c,1,0,0,1
782,0,1d,1,0,0,1
783,0,1e,1,0,0,1
784,0,1f,1,0,0,1
785,0,20,1,0,0,1
786,0,21,1,0,0,1
787,0,22,1,0,0,1
788,0,23,1,0,0,1
789,0,24,1,0,0,1
790,0,25,1,0,0,1
791,0,26,1,0,0,1
792,0,27,1,0,0,1
793,0,28,1,0,0,1
794,0,29,1,0,0,1
795,0,2a,1,0,0,1
796,0,2b,1,0,0,1
797,0,2c,1,0,0,0
798,0,2d,1,0,0,0
799,0,2e,1,0,0,0
800,0,2f,1,0,0,0
801,0,30,1,0,0,0
802,0,31,1,0,0,0
803,0,32,1,0,0,0
804,0,33,1,0,0,0
805,0,34,1,0,0,0
806,0,35,1,0,0,0
807,0,36,1,0,0,0
808,0,37,1,0,0,0
809,0,38,1,0,0,0
810,0,39,1,0,0,0
811,0,3a,1,0,0,0
812,0,3b,1,0,0,0
813,0,3c,1,0,0,1
814,0,3d,1,0,0,1
815,0,3e,1,0,0,1
816,0,3f,1,0,0,1
817,0,40,1,0,0,1
818,0,41,1,0,0,1
819,0,42,1,0,0,1
820,0,43,1,0,0,1
821,0,44,1,0,0,1
822,0,45,1,0,0,1
823,0,46,1,0,0,1
824,0,47,1,0,0,1
825,0,48,1,0,0,1
826,0,49,1,0,0,1
827,0,4a,1,0,0,1
828,0,4b,1,0,0,1
829,0,4c,1,0,0,0
830,0,4d,1,0,0,0
831,0,4e,1,0,0,0
832,0,4f,1,0,0,0
833,0,50,1,0,0,0
834,0,51,1,0,0,0
835,0,52,1,0,0,0
836,0,53,1,0,0,0
837,0,54,1,0,0,0
838,0,55,1,0,0,0
839,0,56,1,0,0,0
840,0,57,1,0,0,0
841,0,58,1,0,0,0
842,0,59,1,0,0,0
843,0,5a,1,0,0,0
844,0,5b,1,0,0,0
845,0,5c,1,0,0,1
846,0,5d,1,0,0,1
847,0,5e,1,0,0,1
848,0,5f,1,0,0,1
849,0,60,1,0,0,1
850,0,61,1,0,0,1
851,0,62,1,0,0,1
852,0,63,1,0,0,1
853,0,64,1,0,0,1
854,0,65,1,0,0,1
855,0,66,1,0,0,1
856,0,67,1,0,0,1
857,0,68,1,0,0,1
858,0,69,1,0,0,1
859,0,6a,1,0,0,1
860,0,6b,1,0,0,1
861,0,6c,1,0,0,0
862,0,6d,1,0,0,0
863,0,6e,1,0,0,0
864,0,6f,1,0,0,0
865,0,70,1,0,0,0
866,0,71,1,0,0,0
867,0,72,1,0,0,0
868,0,73,1,0,0,0
869,0,74,1,0,0,0
870,0,75,1,0,0,0
871,0,76,1,0,0,0
872,0,77,1,0,0,0
873,0,78,1,0,0,0
874,0,79,1,0,0,0
875,0,7a,1,0,0,0
876,0,7b,1,0,0,0
877,0,7c,1,0,0,1
878,0,7d,1,0,0,1
879,0,7e,1,0,0,1
880,0,7f,1,0,0,1
881,0,80,1,0,0,1
882,0,81,1,0,0,1
883,0,82,1,0,0,1
884,0,83,1,0,0,1
885,0,84,1,0,0,1
886,0,85,1,0,0,1
887,0,86,1,0,0,1
888,0,87,1,0,0,1
889,0,88,1,0,0,1
890,0,89,1,0,0,1
891,0,8a,1,0,0,1
892,0,8b,1,0,0,1
893,0,8c,1,0,0,0
894,0,8d,1,0,0,0
895,0,8e,1,0,0,0
896,0,8f,1,0,0,0
897,0,90,1,0,0,0
898,0,91,1,0,0,0
899,0,92,1,0,0,0
900,0,93,1,0,0,0
901,0,94,1,0,0,0
902,0,95,1,0,0,0
903,0,96,1,0,0,0
904,0,97,1,0,0,0
905,0,98,1,0,0,0
906,0,99,1,0,0,0
907,0,9a,1,0,0,0
908,0,9b,1,0,0,0
909,0,9c,1,0,0,1
910,0,9d,1,0,0,1
911,0,9e,1,0,0,1
912,0,9f,1,0,0,1
913,0,a0,1,0,0,1
914,0,a1,1,0,0,1
915,0,a2,1,0,0,1
916,0,a3,1,0,0,1
917,0,a4,1,0,0,1
918,0,a5,1,0,0,1
919,0,a6,1,0,0,1
920,0,a7,1,0,0,1
921,0,a8,1,0,0,1
922,0,a9,1,0,0,1
923,0,aa,1,0,0,1
924,0,ab,1,0,0,1
925,0,ac,1,0,0,0
926,0,ad,1,0,0,0
927,0,ae,1,0,0,0
928,0,af,1,0,0,0
929,0,b0,1,0,0,0
930,0,b1,1,0,0,0
931,0,b2,1,0,0,0
932,0,b3,1,0,0,0
933,0,b4,1,0,0,0
934,0,b5,1,0,0,0
935,0,b6,1,0,0,0
936,0,b7,1,0,0,0
937,0,b8,1,0,0,0
938,0,b9,1,0,0,0
939,0,ba,1,0,0,0
940,0,bb,1,0,0,0
941,0,bc,1,0,0,1
942,0,bd,1,0,0,1
943,0,be,1,0,0,1
944,0,bf,1,0,0,1
945,0,c0,1,0,0,1
946,0,c1,1,0,0,1
947,0,c2,1,0,0,1
948,0,c3,1,0,0,1
949,0,c4,1,0,0,1
950,0,c5,1,0,0,1
951,0,c6,1,0,0,1
952,0,c7,1,0,0,1
953,0,c8,1,0,0,1
954,0,c9,1,0,0,1
955,0,ca,1,0,0,1
956,0,cb,1,0,0,1
957,0,cc,1,0,0,0
958,0,cd,1,0,0,0
959,0,ce,1,0,0,0
960,0,cf,1,0,0,0
961,0,d0,1,0,0,0
962,0,d1,1,0,0,0
963,0,d2,1,0,0,0
964,0,d3,1,0,0,0
965,0,d4,1,0,0,0
966,0,d5,1,0,0,0
967,0,d6,1,0,0,0
968,0,d7,1,0,0,0
969,0,d8,1,0,0,0
970,0,d9,1,0,0,0
971,0,da,1,0,0,0
972,0,db,1,0,0,0
973,0,dc,1,0,0,1
974,0,dd,1,0,0,1
975,0,de,1,0,0,1
976,0,df,1,0,0,1
977,0,e0,1,0,0,1
978,0,e1,1,0,0,1
979,0,e2,1,0,0,1
980,0,e3,1,0,0,1
981,0,e4,1,0,0,1
982,0,e5,1,0,0,1
983,0,e6,1,0,0,1
984,0,e7,1,0,0,1
985,0,e8,1,0,0,1
986,0,e9,1,0,0,1
987,0,ea,1,0,0,1
988,0,eb,1,0,0,1
989,0,ec,1,0,0,0
990,0,ed,1,0,0,0
991,0,ee,1,0,0,0
992,0,ef,1,0,0,0
993,0,f0,1,0,0,0
994,0,f1,1,0,0,0
995,0,f2,1,0,0,0
996,0,f3,1,0,0,0
997,0,f4,1,0,0,0
998,0,f5,1,0,0,0
999,0,f6,1,0,0,0
1000,0,f7,1,0,0,0
1001,0,f8,1,0,0,0
1002,0,f9,1,0,0,0
1003,0,fa,1,0,0,0
1004,0,fb,1,0,0,0
1005,0,fc,1,0,0,1
1006,0,fd,1,0,0,1
1007,0,fe,1,0,0,1
1008,0,ff,1,0,0,1
1009,0,0,1,0,0,1
1010,0,1,1,0,0,1
1011,0,2,1,0,0,1
1012,0,3,1,0,0,1
1013,0,4,1,0,0,1
1014,0,5,1,0,0,1
1015,0,6,1,0,0,1
1016,0,7,1,0,0,1
1017,0,8,1,0,0,1
1018,0,9,1,0,0,1
1019,0,a,1,0,0,1
1020,0,b,1,0,0,1
1021,0,c,1,0,0,0
1022,0,d,1,0,0,0
1023,0,e,1,0,0,0
1024,1,f,1,0,0,0
1025,0,10,1,0,0,0
1026,0,11,1,0,0,0
1027,0,12,1,0,0,0
1028,0,13,1,0,0,0
1029,0,14,1,0,0,0
1030,0,15,1,0,0,0
1031,0,16,1,0,0,0
1032,0,17,1,0,0,0
1033,0,18,1,0,0,0
1034,0,19,1,0,0,0
1035,0,1a,1,0,0,0
1036,0,1b,1,0,0,0
1037,0,1c,1,0,0,1
1038,0,1d,1,0,0,1
1039,0,1e,1,0,0,1
1040,0,1f,1,0,0,1
1041,0,20,1,0,0,1
1042,0,21,1,0,0,1
1043,0,22,1,0,0,1
1044,0,23,1,0,0,1
1045,0,24,1,0,0,1
1046,0,25,1,0,0,1
1047,0,26,1,0,0,1
1048,0,27,1,0,0,1
1049,0,28,1,0,0,1
1050,0,29,1,0,0,1
1051,0,2a,1,0,0,1
1052,0,2b,1,0,0,1
1053,0,2c,1,0,0,0
1054,0,2d,1,0,0,0
1055,0,2e,1,0,0,0
1056,0,2f,1,0,0,0
1057,0,30,1,0,0,0
1058,0,31,1,0,0,0
1059,0,32,1,0,0,0
1060,0,33,1,0,0,0
1061,0,34,1,0,0,0
1062,0,35,1,0,0,0
1063,0,36,1,0,0,0
1064,0,37,1,0,0,0
1065,0,38,1,0,0,0
1066,0,39,1,0,0,0
1067,0,3a,1,0,0,0
1068,0,3b,1,0,0,0
1069,0,3c,1,0,0,1
1070,0,3d,1,0,0,1
1071,0,3e,1,0,0,1
1072,0,3f,1,0,0,1
1073,0,40,1,0,0,1
1074,0,41,1,0,0,1
1075,0,42,1,0,0,1
1076,0,43,1,0,0,1
1077,0,44,1,0,0,1
1078,0,45,1,0,0,1
1079,0,46,1,0,0,1
1080,0,47,1,0,0,1
1081,0,48,1,0,0,1
1082,0,49,1,0,0,1
1083,0,4a,1,0,0,1
1084,0,4b,1,0,0,1
1085,0,4c,1,0,0,0
1086,0,4d,1,0,0,0
1087,0,4e,1,0,0,0
1088,0,4f,1,0,0,0
1089,0,50,1,0,0,0
1090,0,51,1,0,0,0
1091,0,52,1,0,0,0
1092,0,53,1,0,0,0
1093,0,54,1,0,0,0
1094,0,55,1,0,0,0
1095,0,56,1,0,0,0
1096,0,57,1,0,0,0
1097,0,58,1,0,0,0
1098,0,59,1,0,0,0
1099,0,5a,1,0,0,0
1100,0,5b,1,0,0,0
1101,0,5c,1,0,0,1
1102,0,5d,1,0,0,1
1103,0,5e,1,0,0,1
1104,0,5f,1,0,0,1
1105,0,60,1,0,0,1
1106,0,61,1,0,0,1
1107,0,62,1,0,0,1
1108,0,63,1,0,0,1
1109,0,64,1,0,0,1
1110,0,65,1,0,0,1
1111,0,66,1,0,0,1
1112,0,67,1,0,0,1
1113,0,68,1,0,0,1
1114,0,69,1,0,0,1
1115,0,6a,1,0,0,1
1116,0,6b,1,0,0,1
1117,0,6c,1,0,0,0
1118,0,6d,1,0,0,0
1119,0,6e,1,0,0,0
1120,0,6f,1,0,0,0
1121,0,70,1,0,0,0
1122,0,71,1,0,0,0
1123,0,72,1,0,0,0
1124,0,73,1,0,0,0
1125,0,74,1,0,0,0
1126,0,75,1,0,0,0
1127,0,76,1,0,0,0
1128,0,77,1,0,0,0
1129,0,78,1,0,0,0
1130,0,79,1,0,0,0
1131,0,7a,1,0,0,0
1132,0,7b,1,0,0,0
1133,0,7c,1,0,0,1
1134,0,7d,1,0,0,1
1135,0,7e,1,0,0,1
1136,0,7f,1,0,0,1
1137,0,80,1,0,0,1
1138,0,81,1,0,0,1
1139,0,82,1,0,0,1
1140,0,83,1,0,0,1
1141,0,84,1,0,0,1
1142,0,85,1,0,0,1
1143,0,86,1,0,0,1
1144,0,87,1,0,0,1
1145,0,88,1,0,0,1
1146,0,89,1,0,0,1
1147,0,8a,1,0,0,1
1148,0,8b,1,0,0,1
1149,0,8c,1,0,0,0
1150,0,8d,1,0,0,0
1151,0,8e,1,0,0,0
1152,0,8f,1,0,0,0
1153,0,90,1,0,0,0
1154,0,91,1,0,0,0
1155,0,92,1,0,0,0
1156,0,93,1,0,0,0
1157,0,94,1,0,0,0
1158,0,95,1,0,0,0
1159,0,96,1,0,0,0
1160,0,97,1,0,0,0
1161,0,98,1,0,0,0
1162,0,99,1,0,0,0
1163,0,9a,1,0,0,0
1164,0,9b,1,0,0,0
1165,0,9c,1,0,0,1
1166,0,9d,1,0,0,1
1167,0,9e,1,0,0,1
1168,0,9f,1,0,0,1
1169,0,a0,1,0,0,1
1170,0,a1,1,0,0,1
1171,0,a2,1,0,0,1
1172,0,a3,1,0,0,1
1173,0,a4,1,0,0,1
1174,0,a5,1,0,0,1
1175,0,a6,1,0,0,1
1176,0,a7,1,0,0,1
1177,0,a8,1,0,0,1
1178,0,a9,1,0,0,1
1179,0,aa,1,0,0,1
1180,0,ab,1,0,0,1
1181,0,ac,1,0,0,0
1182,0,ad,1,0,0,0
1183,0,ae,1,0,0,0
1184,0,af,1,0,0,0
1185,0,b0,1,0,0,0
1186,0,b1,1,0,0,0
1187,0,b2,1,0,0,0
1188,0,b3,1,0,0,0
1189,0,b4,1,0,0,0
1190,0,b5,1,0,0,0
1191,0,b6,1,0,0,0
1192,0,b7,1,0,0,0
1193,0,b8,1,0,0,0
1194,0,b9,1,0,0,0
1195,0,ba,1,0,0,0
1196,0,bb,1,0,0,0
1197,0,bc,1,0,0,1
1198,0,bd,1,0,0,1
1199,0,be,1,0,0,1
1200,0,bf,1,0,0,1
1201,0,c0,1,0,0,1
1202,0,c1,1,0,0,1
1203,0,c2,1,0,0,1
1204,0,c3,1,0,0,1
1205,0,c4,1,0,0,1
1206,0,c5,1,0,0,1
1207,0,c6,1,0,0,1
1208,0,c7,1,0,0,1
1209,0,c8,1,0,0,1
1210,0,c9,1,0,0,1
1211,0,ca,1,0,0,1
1212,0,cb,1,0,0,1
1213,0,cc,1,0,0,0
1214,0,cd,1,0,0,0
1215,0,ce,1,0,0,0
1216,0,cf,1,0,0,0
1217,0,d0,1,0,0,0
1218,0,d1,1,0,0,0
1219,0,d2,1,0,0,0
1220,0,d3,1,0,0,0
1221,0,d4,1,0,0,0
1222,0,d5,1,0,0,0
1223,0,d6,1,0,0,0
1224,0,d7,1,0,0,0
1225,0,d8,1,0,0,0
1226,0,d9,1,0,0,0
1227,0,da,1,0,0,0
1228,0,db,1,0,0,0
1229,0,dc,1,0,0,1
1230,0,dd,1,0,0,1
1231,0,de,1,0,0,1
1232,0,df,1,0,0,1
1233,0,e0,1,0,0,1
1234,0,e1,1,0,0,1
1235,0,e2,1,0,0,1
1236,0,e3,1,0,0,1
1237,0,e4,1,0,0,1
1238,0,e5,1,0,0,1
1239,0,e6,1,0,0,1
1240,0,e7,1,0,0,1
1241,0,e8,1,0,0,1
1242,0,e9,1,0,0,1
1243,0,ea,1,0,0,1
1244,0,eb,1,0,0,1
1245,0,ec,1,0,0,0
1246,0,ed,1,0,0,0
1247,0,ee,1,0,0,0
1248,0,ef,1,0,0,0
1249,0,f0,1,0,0,0
1250,0,f1,1,0,0,0
1251,0,f2,1,0,0,0
1252,0,f3,1,0,0,0
1253,0,f4,1,0,0,0
1254,0,f5,1,0,0,0
1255,0,f6,1,0,0,0
1256,0,f7,1,0,0,0
1257,0,f8,1,0,0,0
1258,0,f9,1,0,0,0
1259,0,fa,1,0,0,0
1260,0,fb,1,0,0,0
1261,0,fc,1,0,0,1
1262,0,fd,1,0,0,1
1263,0,fe,1,0,0,1
1264,0,ff,1,0,0,1
1265,0,0,1,0,0,1
1266,0,1,1,0,0,1
1267,0,2,1,0,0,1
1268,0,3,1,0,0,1
1269,0,4,1,0,0,1
1270,0,5,1,0,0,1
1271,0,6,1,0,0,1
1272,0,7,1,0,0,1
1273,0,8,1,0,0,1
1274,0,9,1,0,0,1
1275,0,a,1,0,0,1
1276,0,b,1,0,0,1
1277,0,c,1,0,0,0
1278,0,d,1,0,0,0
1279,0,e,1,0,0,0
1280,0,f,1,0,0,0
1281,0,10,1,0,0,0
1282,0,11,1,0,0,0
1283,0,12,1,0,0,0
1284,0,13,1,0,0,0
1285,0,14,1,0,0,0
1286,0,15,1,0,0,0
1287,0,16,1,0,0,0
1288,0,17,1,0,0,0
1289,0,18,1,0,0,0
1290,0,19,1,0,0,0
1291,0,1a,1,0,0,0
1292,0,1b,1,0,0,0
1293,0,1c,1,0,0,1
1294,0,1d,1,0,0,1
1295,0,1e,1,0,0,1
1296,0,1f,1,0,0,1
1297,0,20,1,0,0,1
1298,0,21,1,0,0,1
1299,0,22,1,0,0,1
1300,0,23,1,0,0,1
1301,0,24,1,0,0,1
1302,0,25,1,0,0,1
1303,0,26,1,0,0,1
1304,0,27,1,0,0,1
1305,0,28,1,0,0,1
1306,0,29,1,0,0,1
1307,0,2a,1,0,0,1
1308,0,2b,1,0,0,1
1309,0,2c,1,0,0,0
1310,0,2d,1,0,0,0
1311,0,2e,1,0,0,0
1312,0,2f,1,0,0,0
1313,0,30,1,0,0,0
1314,0,31,1,0,0,0
1315,0,32,1,0,0,0
1316,0,33,1,0,0,0
1317,0,34,1,0,0,0
1318,0,35,1,0,0,0
1319,0,36,1,0,0,0
1320,0,37,1,0,0,0
1321,0,38,1,0,0,0
1322,0,39,1,0,0,0
1323,0,3a,1,0,0,0
1324,0,3b,1,0,0,0
1325,0,3c,1,0,0,1
1326,0,3d,1,0,0,1
1327,0,3e,1,0,0,1
1328,0,3f,1,0,0,1
1329,0,40,1,0,0,1
1330,0,41,1,0,0,1
1331,0,42,1,0,0,1
1332,0,43,1,0,0,1
1333,0,44,1,0,0,1
1334,0,45,1,0,0,1
1335,0,46,1,0,0,1
1336,0,47,1,0,0,1
1337,0,48,1,0,0,1
1338,0,49,1,0,0,1
1339,0,4a,1,0,0,1
1340,0,4b,1,0,0,1
1341,0,4c,1,0,0,0
1342,0,4d,1,0,0,0
1343,0,4e,1,0,0,0
1344,0,4f,1,0,0,0
1345,0,50,1,0,0,0
1346,0,51,1,0,0,0
1347,0,52,1,0,0,0
1348,0,53,1,0,0,0
1349,0,54,1,0,0,0
1350,0,55,1,0,0,0
1351,0,56,1,0,0,0
1352,0,57,1,0,0,0
1353,0,58,1,0,0,0
1354,0,59,1,0,0,0
1355,0,5a,1,0,0,0
1356,0,5b,1,0,0,0
1357,0,5c,1,0,0,1
1358,0,5d,1,0,0,1
1359,0,5e,1,0,0,1
1360,0,5f,1,0,0,1
1361,0,60,1,0,0,1
1362,0,61,1,0,0,1
1363,0,62,1,0,0,1
1364,0,63,1,0,0,1
1365,0,64,1,0,0,1
1366,0,65,1,0,0,1
1367,0,66,1,0,0,1
1368,0,67,1,0,0,1
1369,0,68,1,0,0,1
1370,0,69,1,0,0,1
1371,0,6a,1,0,0,1
1372,0,6b,1,0,0,1
1373,0,6c,1,0,0,0
1374,0,6d,1,0,0,0
1375,0,6e,1,0,0,0
1376,0,6f,1,0,0,0
1377,0,70,1,0,0,0
1378,0,71,1,0,0,0
1379,0,72,1,0,0,0
1380,0,73,1,0,0,0
1381,0,74,1,0,0,0
1382,0,75,1,0,0,0
1383,0,76,1,0,0,0
1384,0,77,1,0,0,0
1385,0,78,1,0,0,0
1386,0,79,1,0,0,0
1387,0,7a,1,0,0,0
1388,0,7b,1,0,0,0
1389,0,7c,1,0,0,1
1390,0,7d,1,0,0,1
1391,0,7e,1,0,0,1
1392,0,7f,1,0,0,1
1393,0,80,1,0,0,1
1394,0,81,1,0,0,1
1395,0,82,1,0,0,1
1396,0,83,1,0,0,1
1397,0,84,1,0,0,1
1398,0,85,1,0,0,1
1399,0,86,1,0,0,1
1400,0,87,1,0,0,1
1401,0,88,1,0,0,1
1402,0,89,1,0,0,1
1403,0,8a,1,0,0,1
1404,0,8b,1,0,0,1
1405,0,8c,1,0,0,0
1406,0,8d,1,0,0,0
1407,0,8e,1,0,0,0
1408,0,8f,1,0,0,0
1409,0,90,1,0,0,0
1410,0,91,1,0,0,0
1411,0,92,1,0,0,0
1412,0,93,1,0,0,0
1413,0,94,1,0,0,0
1414,0,95,1,0,0,0
1415,0,96,1,0,0,0
1416,0,97,1,0,0,0
1417,0,98,1,0,0,0
1418,0,99,1,0,0,0
1419,0,9a,1,0,0,0
1420,0,9b,1,0,0,0
1421,0,9c,1,0,0,1
1422,0,9d,1,0,0,1
1423,0,9e,1,0,0,1
1424,0,9f,1,0,0,1
1425,0,a0,1,0,0,1
1426,0,a1,1,0,0,1
1427,0,a2,1,0,0,1
1428,0,a3,1,0,0,1
1429,0,a4,1,0,0,1
1430,0,a5,1,0,0,1
1431,0,a6,1,0,0,1
1432,0,a7,1,0,0,1
1433,0,a8,1,0,0,1
1434,0,a9,1,0,0,1
1435,0,aa,1,0,0,1
1436,0,ab,1,0,0,1
1437,0,ac,1,0,0,0
1438,0,ad,1,0,0,0
1439,0,ae,1,0,0,0
1440,0,af,1,0,0,0
1441,0,b0,1,0,0,0
1442,0,b1,1,0,0,0
1443,0,b2,1,0,0,0
1444,0,b3,1,0,0,0
1445,0,b4,1,0,0,0
1446,0,b5,1,0,0,0
1447,0,b6,1,0,0,0
1448,0,b7,1,0,0,0
1449,0,b8,1,0,0,0
1450,0,b9,1,0,0,0
1451,0,ba,1,0,0,0
1452,0,bb,1,0,0,0
1453,0,bc,1,0,0,1
1454,0,bd,1,0,0,1
1455,0,be,1,0,0,1
1456,0,bf,1,0,0,1
1457,0,c0,1,0,0,1
1458,0,c1,1,0,0,1
1459,0,c2,1,0,0,1
1460,0,c3,1,0,0,1
1461,0,c4,1,0,0,1
1462,0,c5,1,0,0,1
1463,0,c6,1,0,0,1
1464,0,c7,1,0,0,1
1465,0,c8,1,0,0,1
1466,0,c9,1,0,0,1
1467,0,ca,1,0,0,1
1468,0,cb,1,0,0,1
1469,0,cc,1,0,0,0
1470,0,cd,1,0,0,0
1471,0,ce,1,0,0,0
1472,0,cf,1,0,0,0
1473,0,d0,1,0,0,0
1474,0,d1,1,0,0,0
1475,0,d2,1,0,0,0
1476,0,d3,1,0,0,0
1477,0,d4,1,0,0,0
1478,0,d5,1,0,0,0
1479,0,d6,1,0,0,0
1480,0,d7,1,0,0,0
1481,0,d8,1,0,0,0
1482,0,d9,1,0,0,0
1483,0,da,1,0,0,0
1484,0,db,1,0,0,0
1485,0,dc,1,0,0,1
1486,0,dd,1,0,0,1
1487,0,de,1,0,0,1
1488,0,df,1,0,0,1
1489,0,e0,1,0,0,1
1490,0,e1,1,0,0,1
1491,0,e2,1,0,0,1
1492,0,e3,1,0,0,1
1493,0,e4,1,0,0,1
1494,0,e5,1,0,0,1
1495,0,e6,1,0,0,1
1496,0,e7,1,0,0,1
1497,0,e8,1,0,0,1
1498,0,e9,1,0,0,1
1499,0,ea,1,0,0,1
1500,0,eb,1,0,0,1
1501,0,ec,1,0,0,0
1502,0,ed,1,0,0,0
1503,0,ee,1,0,0,0
1504,0,ef,1,0,0,0
1505,0,f0,1,0,0,0
1506,0,f1,1,0,0,0
1507,0,f2,1,0,0,0
1508,0,f3,1,0,0,0
1509,0,f4,1,0,0,0
1510,0,f5,1,0,0,0
1511,0,f6,1,0,0,0
1512,0,f7,1,0,0,0
1513,0,f8,1,0,0,0
1514,0,f9,1,0,0,0
1515,0,fa,1,0,0,0
1516,0,fb,1,0,0,0
1517,0,fc,1,0,0,1
1518,0,fd,1,0,0,1
1519,0,fe,1,0,0,1
1520,0,ff,1,0,0,1
1521,0,0,1,0,0,1
1522,0,1,1,0,0,1
1523,0,2,1,0,0,1
1524,0,3,1,0,0,1
1525,0,4,1,0,0,1
1526,0,5,1,0,0,1
1527,0,6,1,0,0,1
1528,0,7,1,0,0,1
1529,0,8,1,0,0,1
1530,0,9,1,0,0,1
1531,0,a,1,0,0,1
1532,0,b,1,0,0,1
1533,0,c,1,0,0,0
1534,0,d,1,0,0,0
1535,0,e,1,0,0,0
1536,0,f,1,0,0,0
1537,0,10,1,0,0,0
1538,0,11,1,0,0,0
1539,0,12,1,0,0,0
1540,0,13,1,0,0,0
1541,0,14,1,0,0,0
1542,0,15,1,0,0,0
1543,0,16,1,0,0,0
1544,0,17,1,0,0,0
1545,0,18,1,0,0,0
1546,0,19,1,0,0,0
1547,0,1a,1,0,0,0
1548,0,1b,1,0,0,0
1549,0,1c,1,0,0,1
1550,0,1d,1,0,0,1
1551,0,1e,1,0,0,1
1552,0,1f,1,0,0,1
1553,0,20,1,0,0,1
1554,0,21,1,0,0,1
1555,0,22,1,0,0,1
1556,0,23,1,0,0,1
1557,0,24,1,0,0,1
1558,0,25,1,0,0,1
1559,0,26,1,0,0,1
1560,0,27,1,0,0,1
1561,0,28,1,0,0,1
1562,0,29,1,0,0,1
1563,0,2a,1,0,0,1
1564,0,2b,1,0,0,1
1565,0,2c,1,0,0,0
1566,0,2d,1,0,0,0
1567,0,2e,1,0,0,0
1568,0,2f,1,0,0,0
1569,0,30,1,0,0,0
1570,0,31,1,0,0,0
1571,0,32,1,0,0,0
1572,0,33,1,0,0,0
1573,0,34,1,0,0,0
1574,0,35,1,0,0,0
1575,0,36,1,0,0,0
1576,0,37,1,0,0,0
1577,0,38,1,0,0,0
1578,0,39,1,0,0,0
1579,0,3a,1,0,0,0
1580,0,3b,1,0,0,0
1581,0,3c,1,0,0,1
1582,0,3d,1,0,0,1
1583,0,3e,1,0,0,1
1584,0,3f,1,0,0,1
1585,0,40,1,0,0,1
1586,0,41,1,0,0,1
1587,0,42,1,0,0,1
1588,0,43,1,0,0,1
1589,0,44,1,0,0,1
1590,0,45,1,0,0,1
1591,0,46,1,0,0,1
1592,0,47,1,0,0,1
1593,0,48,1,0,0,1
1594,0,49,1,0,0,1
1595,0,4a,1,0,0,1
1596,0,4b,1,0,0,1
1597,0,4c,1,0,0,0
1598,0,4d,1,0,0,0
1599,0,4e,1,0,0,0
1600,0,4f,1,0,0,0
1601,0,50,1,0,0,0
1602,0,51,1,0,0,0
1603,0,52,1,0,0,0
1604,0,53,1,0,0,0
1605,0,54,1,0,0,0
1606,0,55,1,0,0,0
1607,0,56,1,0,0,0
1608,0,57,1,0,0,0
1609,0,58,1,0,0,0
1610,0,59,1,0,0,0
1611,0,5a,1,0,0,0
1612,0,5b,1,0,0,0
1613,0,5c,1,0,0,1
1614,0,5d,1,0,0,1
1615,0,5e,1,0,0,1
1616,0,5f,1,0,0,1
1617,0,60,1,0,0,1
1618,0,61,1,0,0,1
1619,0,62,1,0,0,1
1620,0,63,1,0,0,1
1621,0,64,1,0,0,1
1622,0,65,1,0,0,1
1623,0,66,1,0,0,1
1624,0,67,1,0,0,1
1625,0,68,1,0,0,1
1626,0,69,1,0,0,1
1627,0,6a,1,0,0,1
1628,0,6b,1,0,0,1
1629,0,6c,1,0,0,0
1630,0,6d,1,0,0,0
1631,0,6e,1,0,0,0
1632,0,6f,1,0,0,0
1633,0,70,1,0,0,0
1634,0,71,1,0,0,0
1635,0,72,1,0,0,0
1636,0,73,1,0,0,0
1637,0,74,1,0,0,0
1638,0,75,1,0,0,0
1639,0,76,1,0,0,0
1640,0,77,1,0,0,0
1641,0,78,1,0,0,0
1642,0,79,1,0,0,0
1643,0,7a,1,0,0,0
1644,0,7b,1,0,0,0
1645,0,7c,1,0,0,1
1646,0,7d,1,0,0,1
1647,0,7e,1,0,0,1
1648,0,7f,1,0,0,1
1649,0,80,1,0,0,1
1650,0,81,1,0,0,1
1651,0,82,1,0,0,1
1652,0,83,1,0,0,1
1653,0,84,1,0,0,1
1654,0,85,1,0,0,1
1655,0,86,1,0,0,1
1656,0,87,1,0,0,1
1657,0,88,1,0,0,1
1658,0,89,1,0,0,1
1659,0,8a,1,0,0,1
1660,0,8b,1,0,0,1
1661,0,8c,1,0,0,0
1662,0,8d,1,0,0,0
1663,0,8e,1,0,0,0
1664,0,8f,1,0,0,0
1665,0,90,1,0,0,0
1666,0,91,1,0,0,0
1667,0,92,1,0,0,0
1668,0,93,1,0,0,0
1669,0,94,1,0,0,0
1670,0,95,1,0,0,0
1671,0,96,1,0,0,0
1672,0,97,1,0,0,0
1673,0,98,1,0,0,0
1674,0,99,1,0,0,0
1675,0,9a,1,0,0,0
1676,0,9b,1,0,0,0
1677,0,9c,1,0,0,1
1678,0,9d,1,0,0,1
1679,0,9e,1,0,0,1
1680,0,9f,1,0,0,1
1681,0,a0,1,0,0,1
1682,0,a1,1,0,0,1
1683,0,a2,1,0,0,1
1684,0,a3,1,0,0,1
1685,0,a4,1,0,0,1
1686,0,a5,1,0,0,1
1687,0,a6,1,0,0,1
1688,0,a7,1,0,0,1
1689,0,a8,1,0,0,1
1690,0,a9,1,0,0,1
1691,0,aa,1,0,0,1
1692,0,ab,1,0,0,1
1693,0,ac,1,0,0,0
1694,0,ad,1,0,0,0
1695,0,ae,1,0,0,0
1696,0,af,1,0,0,0
1697,0,b0,1,0,0,0
1698,0,b1,1,0,0,0
1699,0,b2,1,0,0,0
1700,0,b3,1,0,0,0
1701,0,b4,1,0,0,0
1702,0,b5,1,0,0,0
1703,0,b6,1,0,0,0
1704,0,b7,1,0,0,0
1705,0,b8,1,0,0,0
1706,0,b9,1,0,0,0
1707,0,ba,1,0,0,0
1708,0,bb,1,0,0,0
1709,0,bc,1,0,0,1
1710,0,bd,1,0,0,1
1711,0,be,1,0,0,1
1712,0,bf,1,0,0,1
1713,0,c0,1,0,0,1
1714,0,c1,1,0,0,1
1715,0,c2,1,0,0,1
1716,0,c3,1,0,0,1
1717,0,c4,1,0,0,1
1718,0,c5,1,0,0,1
1719,0,c6,1,0,0,1
1720,0,c7,1,0,0,1
1721,0,c8,1,0,0,1
1722,0,c9,1,0,0,1
1723,0,ca,1,0,0,1
1724,0,cb,1,0,0,1
1725,0,cc,1,0,0,0
1726,0,cd,1,0,0,0
1727,0,ce,1,0,0,0
1728,0,cf,1,0,0,0
1729,0,d0,1,0,0,0
1730,0,d1,1,0,0,0
1731,0,d2,1,0,0,0
1732,0,d3,1,0,0,0
1733,0,d4,1,0,0,0
1734,0,d5,1,0,0,0
1735,0,d6,1,0,0,0
1736,0,d7,1,0,0,0
1737,0,d8,1,0,0,0
1738,0,d9,1,0,0,0
1739,0,da,1,0,0,0
1740,0,db,1,0,0,0
1741,0,dc,1,0,0,1
1742,0,dd,1,0,0,1
1743,0,de,1,0,0,1
1744,0,df,1,0,0,1
1745,0,e0,1,0,0,1
1746,0,e1,1,0,0,1
1747,0,e2,1,0,0,1
1748,0,e3,1,0,0,1
1749,0,e4,1,0,0,1
1750,0,e5,1,0,0,1
1751,0,e6,1,0,0,1
1752,0,e7,1,0,0,1
1753,0,e8,1,0,0,1
1754,0,e9,1,0,0,1
1755,0,ea,1,0,0,1
1756,0,eb,1,0,0,1
1757,0,ec,1,0,0,0
1758,0,ed,1,0,0,0
1759,0,ee,1,0,0,0
1760,0,ef,1,0,0,0
1761,0,f0,1,0,0,0
1762,0,f1,1,0,0,0
1763,0,f2,1,0,0,0
1764,0,f3,1,0,0,0
1765,0,f4,1,0,0,0
1766,0,f5,1,0,0,0
1767,0,f6,1,0,0,0
1768,0,f7,1,0,0,0
1769,0,f8,1,0,0,0
1770,0,f9,1,0,0,0
1771,0,fa,1,0,0,0
1772,0,fb,1,0,0,0
1773,0,fc,1,0,0,1
1774,0,fd,1,0,0,1
1775,0,fe,1,0,0,1
1776,0,ff,1,0,0,1
1777,0,0,1,0,0,1
1778,0,1,1,0,0,1
1779,0,2,1,0,0,1
1780,0,3,1,0,0,1
1781,0,4,1,0,0,1
1782,0,5,1,0,0,1
1783,0,6,1,0,0,1
1784,0,7,1,0,0,1
1785,0,8,1,0,0,1
1786,0,9,1,0,0,1
1787,0,a,1,0,0,1
1788,0,b,1,0,0,1
1789,0,c,1,0,0,0
1790,0,d,1,0,0,0
1791,0,e,1,0,0,0
1792,0,f,1,0,0,0
1793,0,10,1,0,0,0
1794,0,11,1,0,0,0
1795,0,12,1,0,0,0
1796,0,13,1,0,0,0
1797,0,14,1,0,0,0
1798,0,15,1,0,0,0
1799,0,16,1,0,0,0
1800,0,17,1,0,0,0
1801,0,18,1,0,0,0
1802,0,19,1,0,0,0
1803,0,1a,1,0,0,0
1804,0,1b,1,0,0,0
1805,0,1c,1,0,0,1
1806,0,1d,1,0,0,1
1807,0,1e,1,0,0,1
1808,0,1f,1,0,0,1
1809,0,20,1,0,0,1
1810,0,21,1,0,0,1
1811,0,22,1,0,0,1
1812,0,23,1,0,0,1
1813,0,24,1,0,0,1
1814,0,25,1,0,0,1
1815,0,26,1,0,0,1
1816,0,27,1,0,0,1
1817,0,28,1,0,0,1
1818,0,29,1,0,0,1
1819,0,2a,1,0,0,1
1820,0,2b,1,0,0,1
1821,0,2c,1,0,0,0
1822,0,2d,1,0,0,0
1823,0,2e,1,0,0,0
1824,0,2f,1,0,0,0
1825,0,30,1,0,0,0
1826,0,31,1,0,0,0
1827,0,32,1,0,0,0
1828,0,33,1,0,0,0
1829,0,34,1,0,0,0
1830,0,35,1,0,0,0
1831,0,36,1,0,0,0
1832,0,37,1,0,0,0
1833,0,38,1,0,0,0
1834,0,39,1,0,0,0
1835,0,3a,1,0,0,0
1836,0,3b,1,0,0,0
1837,0,3c,1,0,0,1
1838,0,3d,1,0,0,1
1839,0,3e,1,0,0,1
1840,0,3f,1,0,0,1
1841,0,40,1,0,0,1
1842,0,41,1,0,0,1
1843,0,42,1,0,0,1
1844,0,43,1,0,0,1
1845,0,44,1,0,0,1
1846,0,45,1,0,0,1
1847,0,46,1,0,0,1
1848,0,47,1,0,0,1
1849,0,48,1,0,0,1
1850,0,49,1,0,0,1
1851,0,4a,1,0,0,1
1852,0,4b,1,0,0,1
1853,0,4c,1,0,0,0
1854,0,4d,1,0,0,0
1855,0,4e,1,0,0,0
1856,0,4f,1,0,0,0
1857,0,50,1,0,0,0
1858,0,51,1,0,0,0
1859,0,52,1,0,0,0
1860,0,53,1,0,0,0
1861,0,54,1,0,0,0
1862,0,55,1,0,0,0
1863,0,56,1,0,0,0
1864,0,57,1,0,0,0
1865,0,58,1,0,0,0
1866,0,59,1,0,0,0
1867,0,5a,1,0,0,0
1868,0,5b,1,0,0,0
1869,0,5c,1,0,0,1
1870,0,5d,1,0,0,1
1871,0,5e,1,0,0,1
1872,0,5f,1,0,0,1
1873,0,60,1,0,0,1
1874,0,61,1,0,0,1
1875,0,62,1,0,0,1
1876,0,63,1,0,0,1
1877,0,64,1,0,0,1
1878,0,65,1,0,0,1
1879,0,66,1,0,0,1
1880,0,67,1,0,0,1
1881,0,68,1,0,0,1
1882,0,69,1,0,0,1
1883,0,6a,1,0,0,1
1884,0,6b,1,0,0,1
1885,0,6c,1,0,0,0
1886,0,6d,1,0,0,0
1887,0,6e,1,0,0,0
1888,0,6f,1,0,0,0
1889,0,70,1,0,0,0
1890,0,71,1,0,0,0
1891,0,72,1,0,0,0
1892,0,73,1,0,0,0
1893,0,74,1,0,0,0
1894,0,75,1,0,0,0
1895,0,76,1,0,0,0
1896,0,77,1,0,0,0
1897,0,78,1,0,0,0
1898,0,79,1,0,0,0
1899,0,7a,1,0,0,0
1900,0,7b,1,0,0,0
1901,0,7c,1,0,0,1
1902,0,7d,1,0,0,1
1903,0,7e,1,0,0,1
1904,0,7f,1,0,0,1
1905,0,80,1,0,0,1
1906,0,81,1,0,0,1
1907,0,82,1,0,0,1
1908,0,83,1,0,0,1
1909,0,84,1,0,0,1
1910,0,85,1,0,0,1
1911,0,86,1,0,0,1
1912,0,87,1,0,0,1
1913,0,88,1,0,0,1
1914,0,89,1,0,0,1
1915,0,8a,1,0,0,1
1916,0,8b,1,0,0,1
1917,0,8c,1,0,0,0
1918,0,8d,1,0,0,0
1919,0,8e,1,0,0,0
1920,0,8f,1,0,0,0
1921,0,90,1,0,0,0
1922,0,91,1,0,0,0
1923,0,92,1,0,0,0
1924,0,93,1,0,0,0
1925,0,94,1,0,0,0
1926,0,95,1,0,0,0
1927,0,96,1,0,0,0
1928,0,97,1,0,0,0
1929,0,98,1,0,0,0
1930,0,99,1,0,0,0
1931,0,9a,1,0,0,0
1932,0,9b,1,0,0,0
1933,0,9c,1,0,0,1
1934,0,9d,1,0,0,1
1935,0,9e,1,0,0,1
1936,0,9f,1,0,0,1
1937,0,a0,1,0,0,1
1938,0,a1,1,0,0,1
1939,0,a2,1,0,0,1
1940,0,a3,1,0,0,1
1941,0,a4,1,0,0,1
1942,0,a5,1,0,0,1
1943,0,a6,1,0,0,1
1944,0,a7,1,0,0,1
1945,0,a8,1,0,0,1
1946,0,a9,1,0,0,1
1947,0,aa,1,0,0,1
1948,0,ab,1,0,0,1
1949,0,ac,1,0,0,0
1950,0,ad,1,0,0,0
1951,0,ae,1,0,0,0
1952,0,af,1,0,0,0
1953,0,b0,1,0,0,0
1954,0,b1,1,0,0,0
1955,0,b2,1,0,0,0
1956,0,b3,1,0,0,0
1957,0,b4,1,0,0,0
1958,0,b5,1,0,0,0
1959,0,b6,1,0,0,0
1960,0,b7,1,0,0,0
1961,0,b8,1,0,0,0
1962,0,b9,1,0,0,0
1963,0,ba,1,0,0,0
1964,0,bb,1,0,0,0
1965,0,bc,1,0,0,1
1966,0,bd,1,0,0,1
1967,0,be,1,0,0,1
1968,0,bf,1,0,0,1
1969,0,c0,1,0,0,1
1970,0,c1,1,0,0,1
1971,0,c2,1,0,0,1
1972,0,c3,1,0,0,1
1973,0,c4,1,0,0,1
1974,0,c5,1,0,0,1
1975,0,c6,1,0,0,1
1976,0,c7,1,0,0,1
1977,0,c8,1,0,0,1
1978,0,c9,1,0,0,1
1979,0,ca,1,0,0,1
1980,0,cb,1,0,0,1
1981,0,cc,1,0,0,0
1982,0,cd,1,0,0,0
1983,0,ce,1,0,0,0
1984,0,cf,1,0,0,0
1985,0,d0,1,0,0,0
1986,0,d1,1,0,0,0
1987,0,d2,1,0,0,0
1988,0,d3,1,0,0,0
1989,0,d4,1,0,0,0
1990,0,d5,1,0,0,0
1991,0,d6,1,0,0,0
1992,0,d7,1,0,0,0
1993,0,d8,1,0,0,0
1994,0,d9,1,0,0,0
1995,0,da,1,0,0,0
1996,0,db,1,0,0,0
1997,0,dc,1,0,0,1
1998,0,dd,1,0,0,1
1999,0,de,1,0,0,1
2000,0,df,1,0,0,1
2001,0,e0,1,0,0,1
2002,0,e1,1,0,0,1
2003,0,e2,1,0,0,1
2004,0,e3,1,0,0,1
2005,0,e4,1,0,0,1
2006,0,e5,1,0,0,1
2007,0,e6,1,0,0,1
2008,0,e7,1,0,0,1
2009,0,e8,1,0,0,1
2010,0,e9,1,0,0,1
2011,0,ea,1,0,0,1
2012,0,eb,1,0,0,1
2013,0,ec,1,0,0,0
2014,0,ed,1,0,0,0
2015,0,ee,1,0,0,0
2016,0,ef,1,0,0,0
2017,0,f0,1,0,0,0
2018,0,f1,1,0,0,0
2019,0,f2,1,0,0,0
2020,0,f3,1,0,0,0
2021,0,f4,1,0,0,0
2022,0,f5,1,0,0,0
2023,0,f6,1,0,0,0
2024,0,f7,1,0,0,0
2025,0,f8,1,0,0,0
2026,0,f9,1,0,0,0
2027,0,fa,1,0,0,0
2028,0,fb,1,0,0,0
2029,0,fc,1,0,0,1
2030,0,fd,1,0,0,1
2031,0,fe,1,0,0,1
2032,0,ff,1,0,0,1
2033,0,0,1,0,0,1
2034,0,1,1,0,0,1
2035,0,2,1,0,0,1
2036,0,3,1,0,0,1
2037,0,4,1,0,0,1
2038,0,5,1,0,0,1
2039,0,6,1,0,0,1
2040,0,7,1,0,0,1
2041,0,8,1,0,0,1
2042,0,9,1,0,0,1
2043,0,a,1,0,0,1
2044,0,b,1,0,0,1
2045,0,c,1,0,0,0
2046,0,d,1,0,0,0
2047,0,e,1,0,0,0
2048,0,f,1,0,0,0
2049,0,10,1,0,0,0
2050,0,11,1,0,0,0
2051,0,12,1,0,0,0
2052,0,13,1,0,0,0
2053,0,14,1,0,0,0
2054,0,15,1,0,0,0
2055,0,16,1,0,0,0
2056,0,17,1,0,0,0
2057,0,18,1,0,0,0
2058,0,19,1,0,0,0
2059,0,1a,1,0,0,0
2060,0,1b,1,0,0,0
2061,0,1c,1,0,0,1
2062,0,1d,1,0,0,1
2063,0,1e,1,0,0,1
2064,0,1f,1,0,0,1
2065,0,20,1,0,0,1
2066,0,21,1,0,0,1
2067,0,22,1,0,0,1
2068,0,23,1,0,0,1
2069,0,24,1,0,0,1
2070,0,25,1,0,0,1
2071,0,26,1,0,0,1
2072,0,27,1,0,0,1
2073,0,28,1,0,0,1
2074,0,29,1,0,0,1
2075,0,2a,1,0,0,1
2076,0,2b,1,0,0,1
2077,0,2c,1,0,0,0
2078,0,2d,1,0,0,0
2079,0,2e,1,0,0,0
2080,0,2f,1,0,0,0
2081,0,30,1,0,0,0
2082,0,31,1,0,0,0
2083,0,32,1,0,0,0
2084,0,33,1,0,0,0
2085,0,34,1,0,0,0
2086,0,35,1,0,0,0
2087,0,36,1,0,0,0
2088,0,37,1,0,0,0
2089,0,38,1,0,0,0
2090,0,39,1,0,0,0
2091,0,3a,1,0,0,0
2092,0,3b,1,0,0,0
2093,0,3c,1,0,0,1
2094,0,3d,1,0,0,1
2095,0,3e,1,0,0,1
2096,0,3f,1,0,0,1
2097,0,40,1,0,0,1
2098,0,41,1,0,0,1
2099,0,42,1,0,0,1
2100,0,43,1,0,0,1
2101,0,44,1,0,0,1
2102,0,45,1,0,0,1
2103,0,46,1,0,0,1
2104,0,47,1,0,0,1
2105,0,48,1,0,0,1
2106,0,49,1,0,0,1
2107,0,4a,1,0,0,1
2108,0,4b,1,0,0,1
2109,0,4c,1,0,0,0
2110,0,4d,1,0,0,0
2111,0,4e,1,0,0,0
2112,0,4f,1,0,0,0
2113,0,50,1,0,0,0
2114,0,51,1,0,0,0
2115,0,52,1,0,0,0
2116,0,53,1,0,0,0
2117,0,54,1,0,0,0
2118,0,55,1,0,0,0
2119,0,56,1,0,0,0
2120,0,57,1,0,0,0
2121,0,58,1,0,0,0
2122,0,59,1,0,0,0
2123,0,5a,1,0,0,0
2124,0,5b,1,0,0,0
2125,0,5c,1,0,0,1
2126,0,5d,1,0,0,1
2127,0,5e,1,0,0,1
2128,0,5f,1,0,0,1
2129,0,60,1,0,0,1
2130,0,61,1,0,0,1
2131,0,62,1,0,0,1
2132,0,63,1,0,0,1
2133,0,64,1,0,0,1
2134,0,65,1,0,0,1
2135,0,66,1,0,0,1
2136,0,67,1,0,0,1
2137,0,68,1,0,0,1
2138,0,69,1,0,0,1
2139,0,6a,1,0,0,1
2140,0,6b,1,0,0,1
2141,0,6c,1,0,0,0
2142,0,6d,1,0,0,0
2143,0,6e,1,0,0,0
2144,0,6f,1,0,0,0
2145,0,70,1,0,0,0
2146,0,71,1,0,0,0
2147,0,72,1,0,0,0
2148,0,73,1,0,0,0
2149,0,74,1,0,0,0
2150,0,75,1,0,0,0
2151,0,76,1,0,0,0
2152,0,77,1,0,0,0
2153,0,78,1,0,0,0
2154,0,79,1,0,0,0
2155,0,7a,1,0,0,0
2156,0,7b,1,0,0,0
2157,0,7c,1,0,0,1
2158,0,7d,1,0,0,1
2159,0,7e,1,0,0,1
2160,0,7f,1,0,0,1
2161,0,80,1,0,0,1
2162,0,81,1,0,0,1
2163,0,82,1,0,0,1
2164,0,83,1,0,0,1
2165,0,84,1,0,0,1
2166,0,85,1,0,0,1
2167,0,86,1,0,0,1
2168,0,87,1,0,0,1
2169,0,88,1,0,0,1
2170,0,89,1,0,0,1
2171,0,8a,1,0,0,1
2172,0,8b,1,0,0,1
2173,0,8c,1,0,0,0
2174,0,8d,1,0,0,0
2175,0,8e,1,0,0,0
2176,0,8f,1,0,0,0
2177,0,90,1,0,0,0
2178,0,91,1,0,0,0
2179,0,92,1,0,0,0
2180,0,93,1,0,0,0
2181,0,94,1,0,0,0
2182,0,95,1,0,0,0
2183,0,96,1,0,0,0
2184,0,97,1,0,0,0
2185,0,98,1,0,0,0
2186,0,99,1,0,0,0
2187,0,9a,1,0,0,0
2188,0,9b,1,0,0,0
2189,0,9c,1,0,0,1
2190,0,9d,1,0,0,1
2191,0,9e,1,0,0,1
2192,0,9f,1,0,0,1
2193,0,a0,1,0,0,1
2194,0,a1,1,0,0,1
2195,0,a2,1,0,0,1
2196,0,a3,1,0,0,1
2197,0,a4,1,0,0,1
2198,0,a5,1,0,0,1
2199,0,a6,1,0,0,1
2200,0,a7,1,0,0,1
2201,0,a8,1,0,0,1
2202,0,a9,1,0,0,1
2203,0,aa,1,0,0,1
2204,0,ab,1,0,0,1
2205,0,ac,1,0,0,0
2206,0,ad,1,0,0,0
2207,0,ae,1,0,0,0
2208,0,af,1,0,0,0
2209,0,b0,1,0,0,0
2210,0,b1,1,0,0,0
2211,0,b2,1,0,0,0
2212,0,b3,1,0,0,0
2213,0,b4,1,0,0,0
2214,0,b5,1,0,0,0
2215,0,b6,1,0,0,0
2216,0,b7,1,0,0,0
2217,0,b8,1,0,0,0
2218,0,b9,1,0,0,0
2219,0,ba,1,0,0,0
2220,0,bb,1,0,0,0
2221,0,bc,1,0,0,1
2222,0,bd,1,0,0,1
2223,0,be,1,0,0,1
2224,0,bf,1,0,0,1
2225,0,c0,1,0,0,1
2226,0,c1,1,0,0,1
2227,0,c2,1,0,0,1
2228,0,c3,1,0,0,1
2229,0,c4,1,0,0,1
2230,0,c5,1,0,0,1
2231,0,c6,1,0,0,1
2232,0,c7,1,0,0,1
2233,0,c8,1,0,0,1
2234,0,c9,1,0,0,1
2235,0,ca,1,0,0,1
2236,0,cb,1,0,0,1
2237,0,cc,1,0,0,0
2238,0,cd,1,0,0,0
2239,0,ce,1,0,0,0
2240,0,cf,1,0,0,0
2241,0,d0,1,0,0,0
2242,0,d1,1,0,0,0
2243,0,d2,1,0,0,0
2244,0,d3,1,0,0,0
2245,0,d4,1,0,0,0
2246,0,d5,1,0,0,0
2247,0,d6,1,0,0,0
2248,0,d7,1,0,0,0
2249,0,d8,1,0,0,0
2250,0,d9,1,0,0,0
2251,0,da,1,0,0,0
2252,0,db,1,0,0,0
2253,0,dc,1,0,0,1
2254,0,dd,1,0,0,1
2255,0,de,1,0,0,1
2256,0,df,1,0,0,1
2257,0,e0,1,0,0,1
2258,0,e1,1,0,0,1
2259,0,e2,1,0,0,1
2260,0,e3,1,0,0,1
2261,0,e4,1,0,0,1
2262,0,e5,1,0,0,1
2263,0,e6,1,0,0,1
2264,0,e7,1,0,0,1
2265,0,e8,1,0,0,1
2266,0,e9,1,0,0,1
2267,0,ea,1,0,0,1
2268,0,eb,1,0,0,1
2269,0,ec,1,0,0,0
2270,0,ed,1,0,0,0
2271,0,ee,1,0,0,0
2272,0,ef,1,0,0,0
2273,0,f0,1,0,0,0
2274,0,f1,1,0,0,0
2275,0,f2,1,0,0,0
2276,0,f3,1,0,0,0
2277,0,f4,1,0,0,0
2278,0,f5,1,0,0,0
2279,0,f6,1,0,0,0
2280,0,f7,1,0,0,0
2281,0,f8,1,0,0,0
2282,0,f9,1,0,0,0
2283,0,fa,1,0,0,0
2284,0,fb,1,0,0,0
2285,0,fc,1,0,0,1
2286,0,fd,1,0,0,1
2287,0,fe,1,0,0,1
2288,0,ff,1,0,0,1
2289,0,0,1,0,0,1
2290,0,1,1,0,0,1
2291,0,2,1,0,0,1
2292,0,3,1,0,0,1
2293,0,4,1,0,0,1
2294,0,5,1,0,0,1
2295,0,6,1,0,0,1
2296,0,7,1,0,0,1
2297,0,8,1,0,0,1
2298,0,9,1,0,0,1
2299,0,a,1,0,0,1
2300,0,b,1,0,0,1
2301,0,c,1,0,0,0
2302,0,d,1,0,0,0
2303,0,e,1,0,0,0
2304,0,f,1,0,0,0
2305,0,10,1,0,0,0
2306,0,11,1,0,0,0
2307,0,12,1,0,0,0
2308,0,13,1,0,0,0
2309,0,14,1,0,0,0
2310,0,15,1,0,0,0
2311,0,16,1,0,0,0
2312,0,17,1,0,0,0
2313,0,18,1,0,0,0
2314,0,19,1,0,0,0
2315,0,1a,1,0,0,0
2316,0,1b,1,0,0,0
2317,0,1c,1,0,0,1
2318,0,1d,1,0,0,1
2319,0,1e,1,0,0,1
2320,0,1f,1,0,0,1
2321,0,20,1,0,0,1
2322,0,21,1,0,0,1
2323,0,22,1,0,0,1
2324,0,23,1,0,0,1
2325,0,24,1,0,0,1
2326,0,25,1,0,0,1
2327,0,26,1,0,0,1
2328,0,27,1,0,0,1
2329,0,28,1,0,0,1
2330,0,29,1,0,0,1
2331,0,2a,1,0,0,1
2332,0,2b,1,0,0,1
2333,0,2c,1,0,0,0
2334,0,2d,1,0,0,0
2335,0,2e,1,0,0,0
2336,0,2f,1,0,0,0
2337,0,30,1,0,0,0
2338,0,31,1,0,0,0
2339,0,32,1,0,0,0
2340,0,33,1,0,0,0
2341,0,34,1,0,0,0
2342,0,35,1,0,0,0
2343,0,36,1,0,0,0
2344,0,37,1,0,0,0
2345,0,38,1,0,0,0
2346,0,39,1,0,0,0
2347,0,3a,1,0,0,0
2348,0,3b,1,0,0,0
2349,0,3c,1,0,0,1
2350,0,3d,1,0,0,1
2351,0,3e,1,0,0,1
2352,0,3f,1,0,0,1
2353,0,40,1,0,0,1
2354,0,41,1,0,0,1
2355,0,42,1,0,0,1
2356,0,43,1,0,0,1
2357,0,44,1,0,0,1
2358,0,45,1,0,0,1
2359,0,46,1,0,0,1
2360,0,47,1,0,0,1
2361,0,48,1,0,0,1
2362,0,49,1,0,0,1
2363,0,4a,1,0,0,1
2364,0,4b,1,0,0,1
2365,0,4c,1,0,0,0
2366,0,4d,1,0,0,0
2367,0,4e,1,0,0,0
2368,0,4f,1,0,0,0
2369,0,50,1,0,0,0
2370,0,51,1,0,0,0
2371,0,52,1,0,0,0
2372,0,53,1,0,0,0
2373,0,54,1,0,0,0
2374,0,55,1,0,0,0
2375,0,56,1,0,0,0
2376,0,57,1,0,0,0
2377,0,58,1,0,0,0
2378,0,59,1,0,0,0
2379,0,5a,1,0,0,0
2380,0,5b,1,0,0,0
2381,0,5c,1,0,0,1
2382,0,5d,1,0,0,1
2383,0,5e,1,0,0,1
2384,0,5f,1,0,0,1
2385,0,60,1,0,0,1
2386,0,61,1,0,0,1
2387,0,62,1,0,0,1
2388,0,63,1,0,0,1
2389,0,64,1,0,0,1
2390,0,65,1,0,0,1
2391,0,66,1,0,0,1
2392,0,67,1,0,0,1
2393,0,68,1,0,0,1
2394,0,69,1,0,0,1
2395,0,6a,1,0,0,1
2396,0,6b,1,0,0,1
2397,0,6c,1,0,0,0
2398,0,6d,1,0,0,0
2399,0,6e,1,0,0,0
2400,0,6f,1,0,0,0
2401,0,70,1,0,0,0
2402,0,71,1,0,0,0
2403,0,72,1,0,0,0
2404,0,73,1,0,0,0
2405,0,74,1,0,0,0
2406,0,75,1,0,0,0
2407,0,76,1,0,0,0
2408,0,77,1,0,0,0
2409,0,78,1,0,0,0
2410,0,79,1,0,0,0
2411,0,7a,1,0,0,0
2412,0,7b,1,0,0,0
2413,0,7c,1,0,0,1
2414,0,7d,1,0,0,1
2415,0,7e,1,0,0,1
2416,0,7f,1,0,0,1
2417,0,80,1,0,0,1
2418,0,81,1,0,0,1
2419,0,82,1,0,0,1
2420,0,83,1,0,0,1
2421,0,84,1,0,0,1
2422,0,85,1,0,0,1
2423,0,86,1,0,0,1
2424,0,87,1,0,0,1
2425,0,88,1,0,0,1
2426,0,89,1,0,0,1
2427,0,8a,1,0,0,1
2428,0,8b,1,0,0,1
2429,0,8c,1,0,0,0
2430,0,8d,1,0,0,0
2431,0,8e,1,0,0,0
2432,0,8f,1,0,0,0
2433,0,90,1,0,0,0
2434,0,91,1,0,0,0
2435,0,92,1,0,0,0
2436,0,93,1,0,0,0
2437,0,94,1,0,0,0
2438,0,95,1,0,0,0
2439,0,96,1,0,0,0
2440,0,97,1,0,0,0
2441,0,98,1,0,0,0
2442,0,99,1,0,0,0
2443,0,9a,1,0,0,0
2444,0,9b,1,0,0,0
2445,0,9c,1,0,0,1
2446,0,9d,1,0,0,1
2447,0,9e,1,0,0,1
2448,0,9f,1,0,0,1
2449,0,a0,1,0,0,1
2450,0,a1,1,0,0,1
2451,0,a2,1,0,0,1
2452,0,a3,1,0,0,1
2453,0,a4,1,0,0,1
2454,0,a5,1,0,0,1
2455,0,a6,1,0,0,1
2456,0,a7,1,0,0,1
2457,0,a8,1,0,0,1
2458,0,a9,1,0,0,1
2459,0,aa,1,0,0,1
2460,0,ab,1,0,0,1
2461,0,ac,1,0,0,0
2462,0,ad,1,0,0,0
2463,0,ae,1,0,0,0
2464,0,af,1,0,0,0
2465,0,b0,1,0,0,0
2466,0,b1,1,0,0,0
2467,0,b2,1,0,0,0
2468,0,b3,1,0,0,0
2469,0,b4,1,0,0,0
2470,0,b5,1,0,0,0
2471,0,b6,1,0,0,0
2472,0,b7,1,0,0,0
2473,0,b8,1,0,0,0
2474,0,b9,1,0,0,0
2475,0,ba,1,0,0,0
2476,0,bb,1,0,0,0
2477,0,bc,1,0,0,1
2478,0,bd,1,0,0,1
2479,0,be,1,0,0,1
2480,0,bf,1,0,0,1
2481,0,c0,1,0,0,1
2482,0,c1,1,0,0,1
2483,0,c2,1,0,0,1
2484,0,c3,1,0,0,1
2485,0,c4,1,0,0,1
2486,0,c5,1,0,0,1
2487,0,c6,1,0,0,1
2488,0,c7,1,0,0,1
2489,0,c8,1,0,0,1
2490,0,c9,1,0,0,1
2491,0,ca,1,0,0,1
2492,0,cb,1,0,0,1
2493,0,cc,1,0,0,0
2494,0,cd,1,0,0,0
2495,0,ce,1,0,0,0
2496,0,cf,1,0,0,0
2497,0,d0,1,0,0,0
2498,0,d1,1,0,0,0
2499,0,d2,1,0,0,0
2500,0,d3,1,0,0,0
2501,0,d4,1,0,0,0
2502,0,d5,1,0,0,0
2503,0,d6,1,0,0,0
2504,0,d7,1,0,0,0
2505,0,d8,1,0,0,0
2506,0,d9,1,0,0,0
2507,0,da,1,0,0,0
2508,0,db,1,0,0,0
2509,0,dc,1,0,0,1
2510,0,dd,1,0,0,1
2511,0,de,1,0,0,1
2512,0,df,1,0,0,1
2513,0,e0,1,0,0,1
2514,0,e1,1,0,0,1
2515,0,e2,1,0,0,1
2516,0,e3,1,0,0,1
2517,0,e4,1,0,0,1
2518,0,e5,1,0,0,1
2519,0,e6,1,0,0,1
2520,0,e7,1,0,0,1
2521,0,e8,1,0,0,1
2522,0,e9,1,0,0,1
2523,0,ea,1,0,0,1
2524,0,eb,1,0,0,1
2525,0,ec,1,0,0,0
2526,0,ed,1,0,0,0
2527,0,ee,1,0,0,0
2528,0,ef,1,0,0,0
2529,0,f0,1,0,0,0
2530,0,f1,1,0,0,0
2531,0,f2,1,0,0,0
2532,0,f3,1,0,0,0
2533,0,f4,1,0,0,0
2534,0,f5,1,0,0,0
2535,0,f6,1,0,0,0
2536,0,f7,1,0,0,0
2537,0,f8,1,0,0,0
2538,0,f9,1,0,0,0
2539,0,fa,1,0,0,0
2540,0,fb,1,0,0,0
2541,0,fc,1,0,0,1
2542,0,fd,1,0,0,1
2543,0,fe,1,0,0,1
2544,0,ff,1,0,0,1
2545,0,0,1,0,0,1
2546,0,1,1,0,0,1
2547,0,2,1,0,0,1
2548,0,3,1,0,0,1
2549,0,4,1,0,0,1
2550,0,5,1,0,0,1
2551,0,6,1,0,0,1
2552,0,7,1,0,0,1
2553,0,8,1,0,0,1
2554,0,9,1,0,0,1
2555,0,a,1,0,0,1
2556,0,b,1,0,0,1
2557,0,c,1,0,0,0
2558,0,d,1,0,0,0
2559,0,e,1,0,0,0
2560,0,f,1,0,0,0
2561,0,10,1,0,0,0
2562,0,11,1,0,0,0
2563,0,12,1,0,0,0
2564,0,13,1,0,0,0
2565,0,14,1,0,0,0
2566,0,15,1,0,0,0
2567,0,16,1,0,0,0
2568,0,17,1,0,0,0
2569,0,18,1,0,0,0
2570,0,19,1,0,0,0
2571,0,1a,1,0,0,0
2572,0,1b,1,0,0,0
2573,0,1c,1,0,0,1
2574,0,1d,1,0,0,1
2575,0,1e,1,0,0,1
2576,0,1f,1,0,0,1
2577,0,20,1,0,0,1
2578,0,21,1,0,0,1
2579,0,22,1,0,0,1
2580,0,23,1,0,0,1
2581,0,24,1,0,0,1
2582,0,25,1,0,0,1
2583,0,26,1,0,0,1
2584,0,27,1,0,0,1
2585,0,28,1,0,0,1
2586,0,29,1,0,0,1
2587,0,2a,1,0,0,1
2588,0,2b,1,0,0,1
2589,0,2c,1,0,0,0
2590,0,2d,1,0,0,0
2591,0,2e,1,0,0,0
2592,0,2f,1,0,0,0
2593,0,30,1,0,0,0
2594,0,31,1,0,0,0
2595,0,32,1,0,0,0
2596,0,33,1,0,0,0
2597,0,34,1,0,0,0
2598,0,35,1,0,0,0
2599,0,36,1,0,0,0
2600,0,37,1,0,0,0
2601,0,38,1,0,0,0
2602,0,39,1,0,0,0
2603,0,3a,1,0,0,0
2604,0,3b,1,0,0,0
2605,0,3c,1,0,0,1
2606,0,3d,1,0,0,1
2607,0,3e,1,0,0,1
2608,0,3f,1,0,0,1
2609,0,40,1,0,0,1
2610,0,41,1,0,0,1
2611,0,42,1,0,0,1
2612,0,43,1,0,0,1
2613,0,44,1,0,0,1
2614,0,45,1,0,0,1
2615,0,46,1,0,0,1
2616,0,47,1,0,0,1
2617,0,48,1,0,0,1
2618,0,49,1,0,0,1
2619,0,4a,1,0,0,1
2620,0,4b,1,0,0,1
2621,0,4c,1,0,0,0
2622,0,4d,1,0,0,0
2623,0,4e,1,0,0,0
2624,0,4f,1,0,0,0
2625,0,50,1,0,0,0
2626,0,51,1,0,0,0
2627,0,52,1,0,0,0
2628,0,53,1,0,0,0
2629,0,54,1,0,0,0
2630,0,55,1,0,0,0
2631,0,56,1,0,0,0
2632,0,57,1,0,0,0
2633,0,58,1,0,0,0
2634,0,59,1,0,0,0
2635,0,5a,1,0,0,0
2636,0,5b,1,0,0,0
2637,0,5c,1,0,0,1
2638,0,5d,1,0,0,1
2639,0,5e,1,0,0,1
2640,0,5f,1,0,0,1
2641,0,60,1,0,0,1
2642,0,61,1,0,0,1
2643,0,62,1,0,0,1
2644,0,63,1,0,0,1
2645,0,64,1,0,0,1
2646,0,65,1,0,0,1
2647,0,66,1,0,0,1
2648,0,67,1,0,0,1
2649,0,68,1,0,0,1
2650,0,69,1,0,0,1
2651,0,6a,1,0,0,1
2652,0,6b,1,0,0,1
2653,0,6c,1,0,0,0
2654,0,6d,1,0,0,0
2655,0,6e,1,0,0,0
2656,0,6f,1,0,0,0
2657,0,70,1,0,0,0
2658,0,71,1,0,0,0
2659,0,72,1,0,0,0
2660,0,73,1,0,0,0
2661,0,74,1,0,0,0
2662,0,75,1,0,0,0
2663,0,76,1,0,0,0
2664,0,77,1,0,0,0
2665,0,78,1,0,0,0
2666,0,79,1,0,0,0
2667,0,7a,1,0,0,0
2668,0,7b,1,0,0,0
2669,0,7c,1,0,0,1
2670,0,7d,1,0,0,1
2671,0,7e,1,0,0,1
2672,0,7f,1,0,0,1
2673,0,80,1,0,0,1
2674,0,81,1,0,0,1
2675,0,82,1,0,0,1
2676,0,83,1,0,0,1
2677,0,84,1,0,0,1
2678,0,85,1,0,0,1
2679,0,86,1,0,0,1
2680,0,87,1,0,0,1
2681,0,88,1,0,0,1
2682,0,89,1,0,0,1
2683,0,8a,1,0,0,1
2684,0,8b,1,0,0,1
2685,0,8c,1,0,0,0
2686,0,8d,1,0,0,0
2687,0,8e,1,0,0,0
2688,0,8f,1,0,0,0
2689,0,90,1,0,0,0
2690,0,91,1,0,0,0
2691,0,92,1,0,0,0
2692,0,93,1,0,0,0
2693,0,94,1,0,0,0
2694,0,95,1,0,0,0
2695,0,96,1,0,0,0
2696,0,97,1,0,0,0
2697,0,98,1,0,0,0
2698,0,99,1,0,0,0
2699,0,9a,1,0,0,0
2700,0,9b,1,0,0,0
2701,0,9c,1,0,0,1
2702,0,9d,1,0,0,1
2703,0,9e,1,0,0,1
2704,0,9f,1,0,0,1
2705,0,a0,1,0,0,1
2706,0,a1,1,0,0,1
2707,0,a2,1,0,0,1
2708,0,a3,1,0,0,1
2709,0,a4,1,0,0,1
2710,0,a5,1,0,0,1
2711,0,a6,1,0,0,1
2712,0,a7,1,0,0,1
2713,0,a8,1,0,0,1
2714,0,a9,1,0,0,1
2715,0,aa,1,0,0,1
2716,0,ab,1,0,0,1
2717,0,ac,1,0,0,0
2718,0,ad,1,0,0,0
2719,0,ae,1,0,0,0
2720,0,af,1,0,0,0
2721,0,b0,1,0,0,0
2722,0,b1,1,0,0,0
2723,0,b2,1,0,0,0
2724,0,b3,1,0,0,0
2725,0,b4,1,0,0,0
2726,0,b5,1,0,0,0
2727,0,b6,1,0,0,0
2728,0,b7,1,0,0,0
2729,0,b8,1,0,0,0
2730,0,b9,1,0,0,0
2731,0,ba,1,0,0,0
2732,0,bb,1,0,0,0
2733,0,bc,1,0,0,1
2734,0,bd,1,0,0,1
2735,0,be,1,0,0,1
2736,0,bf,1,0,0,1
2737,0,c0,1,0,0,1
2738,0,c1,1,0,0,1
2739,0,c2,1,0,0,1
2740,0,c3,1,0,0,1
2741,0,c4,1,0,0,1
2742,0,c5,1,0,0,1
2743,0,c6,1,0,0,1
2744,0,c7,1,0,0,1
2745,0,c8,1,0,0,1
2746,0,c9,1,0,0,1
2747,0,ca,1,0,0,1
2748,0,cb,1,0,0,1
2749,0,cc,1,0,0,0
2750,0,cd,1,0,0,0
2751,0,ce,1,0,0,0
2752,0,cf,1,0,0,0
2753,0,d0,1,0,0,0
2754,0,d1,1,0,0,0
2755,0,d2,1,0,0,0
2756,0,d3,1,0,0,0
2757,0,d4,1,0,0,0
2758,0,d5,1,0,0,0
2759,0,d6,1,0,0,0
2760,0,d7,1,0,0,0
2761,0,d8,1,0,0,0
2762,0,d9,1,0,0,0
2763,0,da,1,0,0,0
2764,0,db,1,0,0,0
2765,0,dc,1,0,0,1
2766,0,dd,1,0,0,1
2767,0,de,1,0,0,1
2768,0,df,1,0,0,1
2769,0,e0,1,0,0,1
2770,0,e1,1,0,0,1
2771,0,e2,1,0,0,1
2772,0,e3,1,0,0,1
2773,0,e4,1,0,0,1
2774,0,e5,1,0,0,1
2775,0,e6,1,0,0,1
2776,0,e7,1,0,0,1
2777,0,e8,1,0,0,1
2778,0,e9,1,0,0,1
2779,0,ea,1,0,0,1
2780,0,eb,1,0,0,1
2781,0,ec,1,0,0,0
2782,0,ed,1,0,0,0
2783,0,ee,1,0,0,0
2784,0,ef,1,0,0,0
2785,0,f0,1,0,0,0
2786,0,f1,1,0,0,0
2787,0,f2,1,0,0,0
2788,0,f3,1,0,0,0
2789,0,f4,1,0,0,0
2790,0,f5,1,0,0,0
2791,0,f6,1,0,0,0
2792,0,f7,1,0,0,0
2793,0,f8,1,0,0,0
2794,0,f9,1,0,0,0
2795,0,fa,1,0,0,0
2796,0,fb,1,0,0,0
2797,0,fc,1,0,0,1
2798,0,fd,1,0,0,1
2799,0,fe,1,0,0,1
2800,0,ff,1,0,0,1
2801,0,0,1,0,0,1
2802,0,1,1,0,0,1
2803,0,2,1,0,0,1
2804,0,3,1,0,0,1
2805,0,4,1,0,0,1
2806,0,5,1,0,0,1
2807,0,6,1,0,0,1
2808,0,7,1,0,0,1
2809,0,8,1,0,0,1
2810,0,9,1,0,0,1
2811,0,a,1,0,0,1
2812,0,b,1,0,0,1
2813,0,c,1,0,0,0
2814,0,d,1,0,0,0
2815,0,e,1,0,0,0
2816,0,f,1,0,0,0
2817,0,10,1,0,0,0
2818,0,11,1,0,0,0
2819,0,12,1,0,0,0
2820,0,13,1,0,0,0
2821,0,14,1,0,0,0
2822,0,15,1,0,0,0
2823,0,16,1,0,0,0
2824,0,17,1,0,0,0
2825,0,18,1,0,0,0
2826,0,19,1,0,0,0
2827,0,1a,1,0,0,0
2828,0,1b,1,0,0,0
2829,0,1c,1,0,0,1
2830,0,1d,1,0,0,1
2831,0,1e,1,0,0,1
2832,0,1f,1,0,0,1
2833,0,20,1,0,0,1
2834,0,21,1,0,0,1
2835,0,22,1,0,0,1
2836,0,23,1,0,0,1
2837,0,24,1,0,0,1
2838,0,25,1,0,0,1
2839,0,26,1,0,0,1
2840,0,27,1,0,0,1
2841,0,28,1,0,0,1
2842,0,29,1,0,0,1
2843,0,2a,1,0,0,1
2844,0,2b,1,0,0,1
2845,0,2c,1,0,0,0
2846,0,2d,1,0,0,0
2847,0,2e,1,0,0,0
2848,0,2f,1,0,0,0
2849,0,30,1,0,0,0
2850,0,31,1,0,0,0
2851,0,32,1,0,0,0
2852,0,33,1,0,0,0
2853,0,34,1,0,0,0
2854,0,35,1,0,0,0
2855,0,36,1,0,0,0
2856,0,37,1,0,0,0
2857,0,38,1,0,0,0
2858,0,39,1,0,0,0
2859,0,3a,1,0,0,0
2860,0,3b,1,0,0,0
2861,0,3c,1,0,0,1
2862,0,3d,1,0,0,1
2863,0,3e,1,0,0,1
2864,0,3f,1,0,0,1
2865,0,40,1,0,0,1
2866,0,41,1,0,0,1
2867,0,42,1,0,0,1
2868,0,43,1,0,0,1
2869,0,44,1,0,0,1
2870,0,45,1,0,0,1
2871,0,46,1,0,0,1
2872,0,47,1,0,0,1
2873,0,48,1,0,0,1
2874,0,49,1,0,0,1
2875,0,4a,1,0,0,1
2876,0,4b,1,0,0,1
2877,0,4c,1,0,0,0
2878,0,4d,1,0,0,0
2879,0,4e,1,0,0,0
2880,0,4f,1,0,0,0
2881,0,50,1,0,0,0
2882,0,51,1,0,0,0
2883,0,52,1,0,0,0
2884,0,53,1,0,0,0
2885,0,54,1,0,0,0
2886,0,55,1,0,0,0
2887,0,56,1,0,0,0
2888,0,57,1,0,0,0
2889,0,58,1,0,0,0
2890,0,59,1,0,0,0
2891,0,5a,1,0,0,0
2892,0,5b,1,0,0,0
2893,0,5c,1,0,0,1
2894,0,5d,1,0,0,1
2895,0,5e,1,0,0,1
2896,0,5f,1,0,0,1
2897,0,60,1,0,0,1
2898,0,61,1,0,0,1
2899,0,62,1,0,0,1
2900,0,63,1,0,0,1
2901,0,64,1,0,0,1
2902,0,65,1,0,0,1
2903,0,66,1,0,0,1
2904,0,67,1,0,0,1
2905,0,68,1,0,0,1
2906,0,69,1,0,0,1
2907,0,6a,1,0,0,1
2908,0,6b,1,0,0,1
2909,0,6c,1,0,0,0
2910,0,6d,1,0,0,0
2911,0,6e,1,0,0,0
2912,0,6f,1,0,0,0
2913,0,70,1,0,0,0
2914,0,71,1,0,0,0
2915,0,72,1,0,0,0
2916,0,73,1,0,0,0
2917,0,74,1,0,0,0
2918,0,75,1,0,0,0
2919,0,76,1,0,0,0
2920,0,77,1,0,0,0
2921,0,78,1,0,0,0
2922,0,79,1,0,0,0
2923,0,7a,1,0,0,0
2924,0,7b,1,0,0,0
2925,0,7c,1,0,0,1
2926,0,7d,1,0,0,1
2927,0,7e,1,0,0,1
2928,0,7f,1,0,0,1
2929,0,80,1,0,0,1
2930,0,81,1,0,0,1
2931,0,82,1,0,0,1
2932,0,83,1,0,0,1
2933,0,84,1,0,0,1
2934,0,85,1,0,0,1
2935,0,86,1,0,0,1
2936,0,87,1,0,0,1
2937,0,88,1,0,0,1
2938,0,89,1,0,0,1
2939,0,8a,1,0,0,1
2940,0,8b,1,0,0,1
2941,0,8c,1,0,0,0
2942,0,8d,1,0,0,0
2943,0,8e,1,0,0,0
2944,0,8f,1,0,0,0
2945,0,90,1,0,0,0
2946,0,91,1,0,0,0
2947,0,92,1,0,0,0
2948,0,93,1,0,0,0
2949,0,94,1,0,0,0
2950,0,95,1,0,0,0
2951,0,96,1,0,0,0
2952,0,97,1,0,0,0
2953,0,98,1,0,0,0
2954,0,99,1,0,0,0
2955,0,9a,1,0,0,0
2956,0,9b,1,0,0,0
2957,0,9c,1,0,0,1
2958,0,9d,1,0,0,1
2959,0,9e,1,0,0,1
2960,0,9f,1,0,0,1
2961,0,a0,1,0,0,1
2962,0,a1,1,0,0,1
2963,0,a2,1,0,0,1
2964,0,a3,1,0,0,1
2965,0,a4,1,0,0,1
2966,0,a5,1,0,0,1
2967,0,a6,1,0,0,1
2968,0,a7,1,0,0,1
2969,0,a8,1,0,0,1
2970,0,a9,1,0,0,1
2971,0,aa,1,0,0,1
2972,0,ab,1,0,0,1
2973,0,ac,1,0,0,0
2974,0,ad,1,0,0,0
2975,0,ae,1,0,0,0
2976,0,af,1,0,0,0
2977,0,b0,1,0,0,0
2978,0,b1,1,0,0,0
2979,0,b2,1,0,0,0
2980,0,b3,1,0,0,0
2981,0,b4,1,0,0,0
2982,0,b5,1,0,0,0
2983,0,b6,1,0,0,0
2984,0,b7,1,0,0,0
2985,0,b8,1,0,0,0
2986,0,b9,1,0,0,0
2987,0,ba,1,0,0,0
2988,0,bb,1,0,0,0
2989,0,bc,1,0,0,1
2990,0,bd,1,0,0,1
2991,0,be,1,0,0,1
2992,0,bf,1,0,0,1
2993,0,c0,1,0,0,1
2994,0,c1,1,0,0,1
2995,0,c2,1,0,0,1
2996,0,c3,1,0,0,1
2997,0,c4,1,0,0,1
2998,0,c5,1,0,0,1
2999,0,c6,1,0,0,1
3000,0,c7,1,0,0,1
3001,0,c8,1,0,0,1
3002,0,c9,1,0,0,1
3003,0,ca,1,0,0,1
3004,0,cb,1,0,0,1
3005,0,cc,1,0,0,0
3006,0,cd,1,0,0,0
3007,0,ce,1,0,0,0
3008,0,cf,1,0,0,0
3009,0,d0,1,0,0,0
3010,0,d1,1,0,0,0
3011,0,d2,1,0,0,0
3012,0,d3,1,0,0,0
3013,0,d4,1,0,0,0
3014,0,d5,1,0,0,0
3015,0,d6,1,0,0,0
3016,0,d7,1,0,0,0
3017,0,d8,1,0,0,0
3018,0,d9,1,0,0,0
3019,0,da,1,0,0,0
3020,0,db,1,0,0,0
3021,0,dc,1,0,0,1
3022,0,dd,1,0,0,1
3023,0,de,1,0,0,1
3024,0,df,1,0,0,1
3025,0,e0,1,0,0,1
3026,0,e1,1,0,0,1
3027,0,e2,1,0,0,1
3028,0,e3,1,0,0,1
3029,0,e4,1,0,0,1
3030,0,e5,1,0,0,1
3031,0,e6,1,0,0,1
3032,0,e7,1,0,0,1
3033,0,e8,1,0,0,1
3034,0,e9,1,0,0,1
3035,0,ea,1,0,0,1
3036,0,eb,1,0,0,1
3037,0,ec,1,0,0,0
3038,0,ed,1,0,0,0
3039,0,ee,1,0,0,0
3040,0,ef,1,0,0,0
3041,0,f0,1,0,0,0
3042,0,f1,1,0,0,0
3043,0,f2,1,0,0,0
3044,0,f3,1,0,0,0
3045,0,f4,1,0,0,0
3046,0,f5,1,0,0,0
3047,0,f6,1,0,0,0
3048,0,f7,1,0,0,0
3049,0,f8,1,0,0,0
3050,0,f9,1,0,0,0
3051,0,fa,1,0,0,0
3052,0,fb,1,0,0,0
3053,0,fc,1,0,0,1
3054,0,fd,1,0,0,1
3055,0,fe,1,0,0,1
3056,0,ff,1,0,0,1
3057,0,0,1,0,0,1
3058,0,1,1,0,0,1
3059,0,2,1,0,0,1
3060,0,3,1,0,0,1
3061,0,4,1,0,0,1
3062,0,5,1,0,0,1
3063,0,6,1,0,0,1
3064,0,7,1,0,0,1
3065,0,8,1,0,0,1
3066,0,9,1,0,0,1
3067,0,a,1,0,0,1
3068,0,b,1,0,0,1
3069,0,c,1,0,0,0
3070,0,d,1,0,0,0
3071,0,e,1,0,0,0
3072,0,f,1,0,0,0
3073,0,10,1,0,0,0
3074,0,11,1,0,0,0
3075,0,12,1,0,0,0
3076,0,13,1,0,0,0
3077,0,14,1,0,0,0
3078,0,15,1,0,0,0
3079,0,16,1,0,0,0
3080,0,17,1,0,0,0
3081,0,18,1,0,0,0
3082,0,19,1,0,0,0
3083,0,1a,1,0,0,0
3084,0,1b,1,0,0,0
3085,0,1c,1,0,0,1
3086,0,1d,1,0,0,1
3087,0,1e,1,0,0,1
3088,0,1f,1,0,0,1
3089,0,20,1,0,0,1
3090,0,21,1,0,0,1
3091,0,22,1,0,0,1
3092,0,23,1,0,0,1
3093,0,24,1,0,0,1
3094,0,25,1,0,0,1
3095,0,26,1,0,0,1
3096,0,27,1,0,0,1
3097,0,28,1,0,0,1
3098,0,29,1,0,0,1
3099,0,2a,1,0,0,1
3100,0,2b,1,0,0,1
3101,0,2c,1,0,0,0
3102,0,2d,1,0,0,0
3103,0,2e,1,0,0,0
3104,0,2f,1,0,0,0
3105,0,30,1,0,0,0
3106,0,31,1,0,0,0
3107,0,32,1,0,0,0
3108,0,33,1,0,0,0
3109,0,34,1,0,0,0
3110,0,35,1,0,0,0
3111,0,36,1,0,0,0
3112,0,37,1,0,0,0
3113,0,38,1,0,0,0
3114,0,39,1,0,0,0
3115,0,3a,1,0,0,0
3116,0,3b,1,0,0,0
3117,0,3c,1,0,0,1
3118,0,3d,1,0,0,1
3119,0,3e,1,0,0,1
3120,0,3f,1,0,0,1
3121,0,40,1,0,0,1
3122,0,41,1,0,0,1
3123,0,42,1,0,0,1
3124,0,43,1,0,0,1
3125,0,44,1,0,0,1
3126,0,45,1,0,0,1
3127,0,46,1,0,0,1
3128,0,47,1,0,0,1
3129,0,48,1,0,0,1
3130,0,49,1,0,0,1
3131,0,4a,1,0,0,1
3132,0,4b,1,0,0,1
3133,0,4c,1,0,0,0
3134,0,4d,1,0,0,0
3135,0,4e,1,0,0,0
3136,0,4f,1,0,0,0
3137,0,50,1,0,0,0
3138,0,51,1,0,0,0
3139,0,52,1,0,0,0
3140,0,53,1,0,0,0
3141,0,54,1,0,0,0
3142,0,55,1,0,0,0
3143,0,56,1,0,0,0
3144,0,57,1,0,0,0
3145,0,58,1,0,0,0
3146,0,59,1,0,0,0
3147,0,5a,1,0,0,0
3148,0,5b,1,0,0,0
3149,0,5c,1,0,0,1
3150,0,5d,1,0,0,1
3151,0,5e,1,0,0,1
3152,0,5f,1,0,0,1
3153,0,60,1,0,0,1
3154,0,61,1,0,0,1
3155,0,62,1,0,0,1
3156,0,63,1,0,0,1
3157,0,64,1,0,0,1
3158,0,65,1,0,0,1
3159,0,66,1,0,0,1
3160,0,67,1,0,0,1
3161,0,68,1,0,0,1
3162,0,69,1,0,0,1
3163,0,6a,1,0,0,1
3164,0,6b,1,0,0,1
3165,0,6c,1,0,0,0
3166,0,6d,1,0,0,0
3167,0,6e,1,0,0,0
3168,0,6f,1,0,0,0
3169,0,70,1,0,0,0
3170,0,71,1,0,0,0
3171,0,72,1,0,0,0
3172,0,73,1,0,0,0
3173,0,74,1,0,0,0
3174,0,75,1,0,0,0
3175,0,76,1,0,0,0
3176,0,77,1,0,0,0
3177,0,78,1,0,0,0
3178,0,79,1,0,0,0
3179,0,7a,1,0,0,0
3180,0,7b,1,0,0,0
3181,0,7c,1,0,0,1
3182,0,7d,1,0,0,1
3183,0,7e,1,0,0,1
3184,0,7f,1,0,0,1
3185,0,80,1,0,0,1
3186,0,81,1,0,0,1
3187,0,82,1,0,0,1
3188,0,83,1,0,0,1
3189,0,84,1,0,0,1
3190,0,85,1,0,0,1
3191,0,86,1,0,0,1
3192,0,87,1,0,0,1
3193,0,88,1,0,0,1
3194,0,89,1,0,0,1
3195,0,8a,1,0,0,1
3196,0,8b,1,0,0,1
3197,0,8c,1,0,0,0
3198,0,8d,1,0,0,0
3199,0,8e,1,0,0,0
3200,0,8f,1,0,0,0
3201,0,90,1,0,0,0
3202,0,91,1,0,0,0
3203,0,92,1,0,0,0
3204,0,93,1,0,0,0
3205,0,94,1,0,0,0
3206,0,95,1,0,0,0
3207,0,96,1,0,0,0
3208,0,97,1,0,0,0
3209,0,98,1,0,0,0
3210,0,99,1,0,0,0
3211,0,9a,1,0,0,0
3212,0,9b,1,0,0,0
3213,0,9c,1,0,0,1
3214,0,9d,1,0,0,1
3215,0,9e,1,0,0,1
3216,0,9f,1,0,0,1
3217,0,a0,1,0,0,1
3218,0,a1,1,0,0,1
3219,0,a2,1,0,0,1
3220,0,a3,1,0,0,1
3221,0,a4,1,0,0,1
3222,0,a5,1,0,0,1
3223,0,a6,1,0,0,1
3224,0,a7,1,0,0,1
3225,0,a8,1,0,0,1
3226,0,a9,1,0,0,1
3227,0,aa,1,0,0,1
3228,0,ab,1,0,0,1
3229,0,ac,1,0,0,0
3230,0,ad,1,0,0,0
3231,0,ae,1,0,0,0
3232,0,af,1,0,0,0
3233,0,b0,1,0,0,0
3234,0,b1,1,0,0,0
3235,0,b2,1,0,0,0
3236,0,b3,1,0,0,0
3237,0,b4,1,0,0,0
3238,0,b5,1,0,0,0
3239,0,b6,1,0,0,0
3240,0,b7,1,0,0,0
3241,0,b8,1,0,0,0
3242,0,b9,1,0,0,0
3243,0,ba,1,0,0,0
3244,0,bb,1,0,0,0
3245,0,bc,1,0,0,1
3246,0,bd,1,0,0,1
3247,0,be,1,0,0,1
3248,0,bf,1,0,0,1
3249,0,c0,1,0,0,1
3250,0,c1,1,0,0,1
3251,0,c2,1,0,0,1
3252,0,c3,1,0,0,1
3253,0,c4,1,0,0,1
3254,0,c5,1,0,0,1
3255,0,c6,1,0,0,1
3256,0,c7,1,0,0,1
3257,0,c8,1,0,0,1
3258,0,c9,1,0,0,1
3259,0,ca,1,0,0,1
3260,0,cb,1,0,0,1
3261,0,cc,1,0,0,0
3262,0,cd,1,0,0,0
3263,0,ce,1,0,0,0
3264,0,cf,1,0,0,0
3265,0,d0,1,0,0,0
3266,0,d1,1,0,0,0
3267,0,d2,1,0,0,0
3268,0,d3,1,0,0,0
3269,0,d4,1,0,0,0
3270,0,d5,1,0,0,0
3271,0,d6,1,0,0,0
3272,0,d7,1,0,0,0
3273,0,d8,1,0,0,0
3274,0,d9,1,0,0,0
3275,0,da,1,0,0,0
3276,0,db,1,0,0,0
3277,0,dc,1,0,0,1
3278,0,dd,1,0,0,1
3279,0,de,1,0,0,1
3280,0,df,1,0,0,1
3281,0,e0,1,0,0,1
3282,0,e1,1,0,0,1
3283,0,e2,1,0,0,1
3284,0,e3,1,0,0,1
3285,0,e4,1,0,0,1
3286,0,e5,1,0,0,1
3287,0,e6,1,0,0,1
3288,0,e7,1,0,0,1
3289,0,e8,1,0,0,1
3290,0,e9,1,0,0,1
3291,0,ea,1,0,0,1
3292,0,eb,1,0,0,1
3293,0,ec,1,0,0,0
3294,0,ed,1,0,0,0
3295,0,ee,1,0,0,0
3296,0,ef,1,0,0,0
3297,0,f0,1,0,0,0
3298,0,f1,1,0,0,0
3299,0,f2,1,0,0,0
3300,0,f3,1,0,0,0
3301,0,f4,1,0,0,0
3302,0,f5,1,0,0,0
3303,0,f6,1,0,0,0
3304,0,f7,1,0,0,0
3305,0,f8,1,0,0,0
3306,0,f9,1,0,0,0
3307,0,fa,1,0,0,0
3308,0,fb,1,0,0,0
3309,0,fc,1,0,0,1
3310,0,fd,1,0,0,1
3311,0,fe,1,0,0,1
3312,0,ff,1,0,0,1
3313,0,0,1,0,0,1
3314,0,1,1,0,0,1
3315,0,2,1,0,0,1
3316,0,3,1,0,0,1
3317,0,4,1,0,0,1
3318,0,5,1,0,0,1
3319,0,6,1,0,0,1
3320,0,7,1,0,0,1
3321,0,8,1,0,0,1
3322,0,9,1,0,0,1
3323,0,a,1,0,0,1
3324,0,b,1,0,0,1
3325,0,c,1,0,0,0
3326,0,d,1,0,0,0
3327,0,e,1,0,0,0
3328,0,f,1,0,0,0
3329,0,10,1,0,0,0
3330,0,11,1,0,0,0
3331,0,12,1,0,0,0
3332,0,13,1,0,0,0
3333,0,14,1,0,0,0
3334,0,15,1,0,0,0
3335,0,16,1,0,0,0
3336,0,17,1,0,0,0
3337,0,18,1,0,0,0
3338,0,19,1,0,0,0
3339,0,1a,1,0,0,0
3340,0,1b,1,0,0,0
3341,0,1c,1,0,0,1
3342,0,1d,1,0,0,1
3343,0,1e,1,0,0,1
3344,0,1f,1,0,0,1
3345,0,20,1,0,0,1
3346,0,21,1,0,0,1
3347,0,22,1,0,0,1
3348,0,23,1,0,0,1
3349,0,24,1,0,0,1
3350,0,25,1,0,0,1
3351,0,26,1,0,0,1
3352,0,27,1,0,0,1
3353,0,28,1,0,0,1
3354,0,29,1,0,0,1
3355,0,2a,1,0,0,1
3356,0,2b,1,0,0,1
3357,0,2c,1,0,0,0
3358,0,2d,1,0,0,0
3359,0,2e,1,0,0,0
3360,0,2f,1,0,0,0
3361,0,30,1,0,0,0
3362,0,31,1,0,0,0
3363,0,32,1,0,0,0
3364,0,33,1,0,0,0
3365,0,34,1,0,0,0
3366,0,35,1,0,0,0
3367,0,36,1,0,0,0
3368,0,37,1,0,0,0
3369,0,38,1,0,0,0
3370,0,39,1,0,0,0
3371,0,3a,1,0,0,0
3372,0,3b,1,0,0,0
3373,0,3c,1,0,0,1
3374,0,3d,1,0,0,1
3375,0,3e,1,0,0,1
3376,0,3f,1,0,0,1
3377,0,40,1,0,0,1
3378,0,41,1,0,0,1
3379,0,42,1,0,0,1
3380,0,43,1,0,0,1
3381,0,44,1,0,0,1
3382,0,45,1,0,0,1
3383,0,46,1,0,0,1
3384,0,47,1,0,0,1
3385,0,48,1,0,0,1
3386,0,49,1,0,0,1
3387,0,4a,1,0,0,1
3388,0,4b,1,0,0,1
3389,0,4c,1,0,0,0
3390,0,4d,1,0,0,0
3391,0,4e,1,0,0,0
3392,0,4f,1,0,0,0
3393,0,50,1,0,0,0
3394,0,51,1,0,0,0
3395,0,52,1,0,0,0
3396,0,53,1,0,0,0
3397,0,54,1,0,0,0
3398,0,55,1,0,0,0
3399,0,56,1,0,0,0
3400,0,57,1,0,0,0
3401,0,58,1,0,0,0
3402,0,59,1,0,0,0
3403,0,5a,1,0,0,0
3404,0,5b,1,0,0,0
3405,0,5c,1,0,0,1
3406,0,5d,1,0,0,1
3407,0,5e,1,0,0,1
3408,0,5f,1,0,0,1
3409,0,60,1,0,0,1
3410,0,61,1,0,0,1
3411,0,62,1,0,0,1
3412,0,63,1,0,0,1
3413,0,64,1,0,0,1
3414,0,65,1,0,0,1
3415,0,66,1,0,0,1
3416,0,67,1,0,0,1
3417,0,68,1,0,0,1
3418,0,69,1,0,0,1
3419,0,6a,1,0,0,1
3420,0,6b,1,0,0,1
3421,0,6c,1,0,0,0
3422,0,6d,1,0,0,0
3423,0,6e,1,0,0,0
3424,0,6f,1,0,0,0
3425,0,70,1,0,0,0
3426,0,71,1,0,0,0
3427,0,72,1,0,0,0
3428,0,73,1,0,0,0
3429,0,74,1,0,0,0
3430,0,75,1,0,0,0
3431,0,76,1,0,0,0
3432,0,77,1,0,0,0
3433,0,78,1,0,0,0
3434,0,79,1,0,0,0
3435,0,7a,1,0,0,0
3436,0,7b,1,0,0,0
3437,0,7c,1,0,0,1
3438,0,7d,1,0,0,1
3439,0,7e,1,0,0,1
3440,0,7f,1,0,0,1
3441,0,80,1,0,0,1
3442,0,81,1,0,0,1
3443,0,82,1,0,0,1
3444,0,83,1,0,0,1
3445,0,84,1,0,0,1
3446,0,85,1,0,0,1
3447,0,86,1,0,0,1
3448,0,87,1,0,0,1
3449,0,88,1,0,0,1
3450,0,89,1,0,0,1
3451,0,8a,1,0,0,1
3452,0,8b,1,0,0,1
3453,0,8c,1,0,0,0
3454,0,8d,1,0,0,0
3455,0,8e,1,0,0,0
3456,0,8f,1,0,0,0
3457,0,90,1,0,0,0
3458,0,91,1,0,0,0
3459,0,92,1,0,0,0
3460,0,93,1,0,0,0
3461,0,94,1,0,0,0
3462,0,95,1,0,0,0
3463,0,96,1,0,0,0
3464,0,97,1,0,0,0
3465,0,98,1,0,0,0
3466,0,99,1,0,0,0
3467,0,9a,1,0,0,0
3468,0,9b,1,0,0,0
3469,0,9c,1,0,0,1
3470,0,9d,1,0,0,1
3471,0,9e,1,0,0,1
3472,0,9f,1,0,0,1
3473,0,a0,1,0,0,1
3474,0,a1,1,0,0,1
3475,0,a2,1,0,0,1
3476,0,a3,1,0,0,1
3477,0,a4,1,0,0,1
3478,0,a5,1,0,0,1
3479,0,a6,1,0,0,1
3480,0,a7,1,0,0,1
3481,0,a8,1,0,0,1
3482,0,a9,1,0,0,1
3483,0,aa,1,0,0,1
3484,0,ab,1,0,0,1
3485,0,ac,1,0,0,0
3486,0,ad,1,0,0,0
3487,0,ae,1,0,0,0
3488,0,af,1,0,0,0
3489,0,b0,1,0,0,0
3490,0,b1,1,0,0,0
3491,0,b2,1,0,0,0
3492,0,b3,1,0,0,0
3493,0,b4,1,0,0,0
3494,0,b5,1,0,0,0
3495,0,b6,1,0,0,0
3496,0,b7,1,0,0,0
3497,0,b8,1,0,0,0
3498,0,b9,1,0,0,0
3499,0,ba,1,0,0,0
3500,0,bb,1,0,0,0
3501,0,bc,1,0,0,1
3502,0,bd,1,0,0,1
3503,0,be,1,0,0,1
3504,0,bf,1,0,0,1
3505,0,c0,1,0,0,1
3506,0,c1,1,0,0,1
3507,0,c2,1,0,0,1
3508,0,c3,1,0,0,1
3509,0,c4,1,0,0,1
3510,0,c5,1,0,0,1
3511,0,c6,1,0,0,1
3512,0,c7,1,0,0,1
3513,0,c8,1,0,0,1
3514,0,c9,1,0,0,1
3515,0,ca,1,0,0,1
3516,0,cb,1,0,0,1
3517,0,cc,1,0,0,0
3518,0,cd,1,0,0,0
3519,0,ce,1,0,0,0
3520,0,cf,1,0,0,0
3521,0,d0,1,0,0,0
3522,0,d1,1,0,0,0
3523,0,d2,1,0,0,0
3524,0,d3,1,0,0,0
3525,0,d4,1,0,0,0
3526,0,d5,1,0,0,0
3527,0,d6,1,0,0,0
3528,0,d7,1,0,0,0
3529,0,d8,1,0,0,0
3530,0,d9,1,0,0,0
3531,0,da,1,0,0,0
3532,0,db,1,0,0,0
3533,0,dc,1,0,0,1
3534,0,dd,1,0,0,1
3535,0,de,1,0,0,1
3536,0,df,1,0,0,1
3537,0,e0,1,0,0,1
3538,0,e1,1,0,0,1
3539,0,e2,1,0,0,1
3540,0,e3,1,0,0,1
3541,0,e4,1,0,0,1
3542,0,e5,1,0,0,1
3543,0,e6,1,0,0,1
3544,0,e7,1,0,0,1
3545,0,e8,1,0,0,1
3546,0,e9,1,0,0,1
3547,0,ea,1,0,0,1
3548,0,eb,1,0,0,1
3549,0,ec,1,0,0,0
3550,0,ed,1,0,0,0
3551,0,ee,1,0,0,0
3552,0,ef,1,0,0,0
3553,0,f0,1,0,0,0
3554,0,f1,1,0,0,0
3555,0,f2,1,0,0,0
3556,0,f3,1,0,0,0
3557,0,f4,1,0,0,0
3558,0,f5,1,0,0,0
3559,0,f6,1,0,0,0
3560,0,f7,1,0,0,0
3561,0,f8,1,0,0,0
3562,0,f9,1,0,0,0
3563,0,fa,1,0,0,0
3564,0,fb,1,0,0,0
3565,0,fc,1,0,0,1
3566,0,fd,1,0,0,1
3567,0,fe,1,0,0,1
3568,0,ff,1,0,0,1
3569,0,0,1,0,0,1
3570,0,1,1,0,0,1
3571,0,2,1,0,0,1
3572,0,3,1,0,0,1
3573,0,4,1,0,0,1
3574,0,5,1,0,0,1
3575,0,6,1,0,0,1
3576,0,7,1,0,0,1
3577,0,8,1,0,0,1
3578,0,9,1,0,0,1
3579,0,a,1,0,0,1
3580,0,b,1,0,0,1
3581,0,c,1,0,0,0
3582,0,d,1,0,0,0
3583,0,e,1,0,0,0
3584,0,f,1,0,0,0
3585,0,10,1,0,0,0
3586,0,11,1,0,0,0
3587,0,12,1,0,0,0
3588,0,13,1,0,0,0
3589,0,14,1,0,0,0
3590,0,15,1,0,0,0
3591,0,16,1,0,0,0
3592,0,17,1,0,0,0
3593,0,18,1,0,0,0
3594,0,19,1,0,0,0
3595,0,1a,1,0,0,0
3596,0,1b,1,0,0,0
3597,0,1c,1,0,0,1
3598,0,1d,1,0,0,1
3599,0,1e,1,0,0,1
3600,0,1f,1,0,0,1
3601,0,20,1,0,0,1
3602,0,21,1,0,0,1
3603,0,22,1,0,0,1
3604,0,23,1,0,0,1
3605,0,24,1,0,0,1
3606,0,25,1,0,0,1
3607,0,26,1,0,0,1
3608,0,27,1,0,0,1
3609,0,28,1,0,0,1
3610,0,29,1,0,0,1
3611,0,2a,1,0,0,1
3612,0,2b,1,0,0,1
3613,0,2c,1,0,0,0
3614,0,2d,1,0,0,0
3615,0,2e,1,0,0,0
3616,0,2f,1,0,0,0
3617,0,30,1,0,0,0
3618,0,31,1,0,0,0
3619,0,32,1,0,0,0
3620,0,33,1,0,0,0
3621,0,34,1,0,0,0
3622,0,35,1,0,0,0
3623,0,36,1,0,0,0
3624,0,37,1,0,0,0
3625,0,38,1,0,0,0
3626,0,39,1,0,0,0
3627,0,3a,1,0,0,0
3628,0,3b,1,0,0,0
3629,0,3c,1,0,0,1
3630,0,3d,1,0,0,1
3631,0,3e,1,0,0,1
3632,0,3f,1,0,0,1
3633,0,40,1,0,0,1
3634,0,41,1,0,0,1
3635,0,42,1,0,0,1
3636,0,43,1,0,0,1
3637,0,44,1,0,0,1
3638,0,45,1,0,0,1
3639,0,46,1,0,0,1
3640,0,47,1,0,0,1
3641,0,48,1,0,0,1
3642,0,49,1,0,0,1
3643,0,4a,1,0,0,1
3644,0,4b,1,0,0,1
3645,0,4c,1,0,0,0
3646,0,4d,1,0,0,0
3647,0,4e,1,0,0,0
3648,0,4f,1,0,0,0
3649,0,50,1,0,0,0
3650,0,51,1,0,0,0
3651,0,52,1,0,0,0
3652,0,53,1,0,0,0
3653,0,54,1,0,0,0
3654,0,55,1,0,0,0
3655,0,56,1,0,0,0
3656,0,57,1,0,0,0
3657,0,58,1,0,0,0
3658,0,59,1,0,0,0
3659,0,5a,1,0,0,0
3660,0,5b,1,0,0,0
3661,0,5c,1,0,0,1
3662,0,5d,1,0,0,1
3663,0,5e,1,0,0,1
3664,0,5f,1,0,0,1
3665,0,60,1,0,0,1
3666,0,61,1,0,0,1
3667,0,62,1,0,0,1
3668,0,63,1,0,0,1
3669,0,64,1,0,0,1
3670,0,65,1,0,0,1
3671,0,66,1,0,0,1
3672,0,67,1,0,0,1
3673,0,68,1,0,0,1
3674,0,69,1,0,0,1
3675,0,6a,1,0,0,1
3676,0,6b,1,0,0,1
3677,0,6c,1,0,0,0
3678,0,6d,1,0,0,0
3679,0,6e,1,0,0,0
3680,0,6f,1,0,0,0
3681,0,70,1,0,0,0
3682,0,71,1,0,0,0
3683,0,72,1,0,0,0
3684,0,73,1,0,0,0
3685,0,74,1,0,0,0
3686,0,75,1,0,0,0
3687,0,76,1,0,0,0
3688,0,77,1,0,0,0
3689,0,78,1,0,0,0
3690,0,79,1,0,0,0
3691,0,7a,1,0,0,0
3692,0,7b,1,0,0,0
3693,0,7c,1,0,0,1
3694,0,7d,1,0,0,1
3695,0,7e,1,0,0,1
3696,0,7f,1,0,0,1
3697,0,80,1,0,0,1
3698,0,81,1,0,0,1
3699,0,82,1,0,0,1
3700,0,83,1,0,0,1
3701,0,84,1,0,0,1
3702,0,85,1,0,0,1
3703,0,86,1,0,0,1
3704,0,87,1,0,0,1
3705,0,88,1,0,0,1
3706,0,89,1,0,0,1
3707,0,8a,1,0,0,1
3708,0,8b,1,0,0,1
3709,0,8c,1,0,0,0
3710,0,8d,1,0,0,0
3711,0,8e,1,0,0,0
3712,0,8f,1,0,0,0
3713,0,90,1,0,0,0
3714,0,91,1,0,0,0
3715,0,92,1,0,0,0
3716,0,93,1,0,0,0
3717,0,94,1,0,0,0
3718,0,95,1,0,0,0
3719,0,96,1,0,0,0
3720,0,97,1,0,0,0
3721,0,98,1,0,0,0
3722,0,99,1,0,0,0
3723,0,9a,1,0,0,0
3724,0,9b,1,0,0,0
3725,0,9c,1,0,0,1
3726,0,9d,1,0,0,1
3727,0,9e,1,0,0,1
3728,0,9f,1,0,0,1
3729,0,a0,1,0,0,1
3730,0,a1,1,0,0,1
3731,0,a2,1,0,0,1
3732,0,a3,1,0,0,1
3733,0,a4,1,0,0,1
3734,0,a5,1,0,0,1
3735,0,a6,1,0,0,1
3736,0,a7,1,0,0,1
3737,0,a8,1,0,0,1
3738,0,a9,1,0,0,1
3739,0,aa,1,0,0,1
3740,0,ab,1,0,0,1
3741,0,ac,1,0,0,0
3742,0,ad,1,0,0,0
3743,0,ae,1,0,0,0
3744,0,af,1,0,0,0
3745,0,b0,1,0,0,0
3746,0,b1,1,0,0,0
3747,0,b2,1,0,0,0
3748,0,b3,1,0,0,0
3749,0,b4,1,0,0,0
3750,0,b5,1,0,0,0
3751,0,b6,1,0,0,0
3752,0,b7,1,0,0,0
3753,0,b8,1,0,0,0
3754,0,b9,1,0,0,0
3755,0,ba,1,0,0,0
3756,0,bb,1,0,0,0
3757,0,bc,1,0,0,1
3758,0,bd,1,0,0,1
3759,0,be,1,0,0,1
3760,0,bf,1,0,0,1
3761,0,c0,1,0,0,1
3762,0,c1,1,0,0,1
3763,0,c2,1,0,0,1
3764,0,c3,1,0,0,1
3765,0,c4,1,0,0,1
3766,0,c5,1,0,0,1
3767,0,c6,1,0,0,1
3768,0,c7,1,0,0,1
3769,0,c8,1,0,0,1
3770,0,c9,1,0,0,1
3771,0,ca,1,0,0,1
3772,0,cb,1,0,0,1
3773,0,cc,1,0,0,0
3774,0,cd,1,0,0,0
3775,0,ce,1,0,0,0
3776,0,cf,1,0,0,0
3777,0,d0,1,0,0,0
3778,0,d1,1,0,0,0
3779,0,d2,1,0,0,0
3780,0,d3,1,0,0,0
3781,0,d4,1,0,0,0
3782,0,d5,1,0,0,0
3783,0,d6,1,0,0,0
3784,0,d7,1,0,0,0
3785,0,d8,1,0,0,0
3786,0,d9,1,0,0,0
3787,0,da,1,0,0,0
3788,0,db,1,0,0,0
3789,0,dc,1,0,0,1
3790,0,dd,1,0,0,1
3791,0,de,1,0,0,1
3792,0,df,1,0,0,1
3793,0,e0,1,0,0,1
3794,0,e1,1,0,0,1
3795,0,e2,1,0,0,1
3796,0,e3,1,0,0,1
3797,0,e4,1,0,0,1
3798,0,e5,1,0,0,1
3799,0,e6,1,0,0,1
3800,0,e7,1,0,0,1
3801,0,e8,1,0,0,1
3802,0,e9,1,0,0,1
3803,0,ea,1,0,0,1
3804,0,eb,1,0,0,1
3805,0,ec,1,0,0,0
3806,0,ed,1,0,0,0
3807,0,ee,1,0,0,0
3808,0,ef,1,0,0,0
3809,0,f0,1,0,0,0
3810,0,f1,1,0,0,0
3811,0,f2,1,0,0,0
3812,0,f3,1,0,0,0
3813,0,f4,1,0,0,0
3814,0,f5,1,0,0,0
3815,0,f6,1,0,0,0
3816,0,f7,1,0,0,0
3817,0,f8,1,0,0,0
3818,0,f9,1,0,0,0
3819,0,fa,1,0,0,0
3820,0,fb,1,0,0,0
3821,0,fc,1,0,0,1
3822,0,fd,1,0,0,1
3823,0,fe,1,0,0,1
3824,0,ff,1,0,0,1
3825,0,0,1,0,0,1
3826,0,1,1,0,0,1
3827,0,2,1,0,0,1
3828,0,3,1,0,0,1
3829,0,4,1,0,0,1
3830,0,5,1,0,0,1
3831,0,6,1,0,0,1
3832,0,7,1,0,0,1
3833,0,8,1,0,0,1
3834,0,9,1,0,0,1
3835,0,a,1,0,0,1
3836,0,b,1,0,0,1
3837,0,c,1,0,0,0
3838,0,d,1,0,0,0
3839,0,e,1,0,0,0
3840,0,f,1,0,0,0
3841,0,10,1,0,0,0
3842,0,11,1,0,0,0
3843,0,12,1,0,0,0
3844,0,13,1,0,0,0
3845,0,14,1,0,0,0
3846,0,15,1,0,0,0
3847,0,16,1,0,0,0
3848,0,17,1,0,0,0
3849,0,18,1,0,0,0
3850,0,19,1,0,0,0
3851,0,1a,1,0,0,0
3852,0,1b,1,0,0,0
3853,0,1c,1,0,0,1
3854,0,1d,1,0,0,1
3855,0,1e,1,0,0,1
3856,0,1f,1,0,0,1
3857,0,20,1,0,0,1
3858,0,21,1,0,0,1
3859,0,22,1,0,0,1
3860,0,23,1,0,0,1
3861,0,24,1,0,0,1
3862,0,25,1,0,0,1
3863,0,26,1,0,0,1
3864,0,27,1,0,0,1
3865,0,28,1,0,0,1
3866,0,29,1,0,0,1
3867,0,2a,1,0,0,1
3868,0,2b,1,0,0,1
3869,0,2c,1,0,0,0
3870,0,2d,1,0,0,0
3871,0,2e,1,0,0,0
3872,0,2f,1,0,0,0
3873,0,30,1,0,0,0
3874,0,31,1,0,0,0
3875,0,32,1,0,0,0
3876,0,33,1,0,0,0
3877,0,34,1,0,0,0
3878,0,35,1,0,0,0
3879,0,36,1,0,0,0
3880,0,37,1,0,0,0
3881,0,38,1,0,0,0
3882,0,39,1,0,0,0
3883,0,3a,1,0,0,0
3884,0,3b,1,0,0,0
3885,0,3c,1,0,0,1
3886,0,3d,1,0,0,1
3887,0,3e,1,0,0,1
3888,0,3f,1,0,0,1
3889,0,40,1,0,0,1
3890,0,41,1,0,0,1
3891,0,42,1,0,0,1
3892,0,43,1,0,0,1
3893,0,44,1,0,0,1
3894,0,45,1,0,0,1
3895,0,46,1,0,0,1
3896,0,47,1,0,0,1
3897,0,48,1,0,0,1
3898,0,49,1,0,0,1
3899,0,4a,1,0,0,1
3900,0,4b,1,0,0,1
3901,0,4c,1,0,0,0
3902,0,4d,1,0,0,0
3903,0,4e,1,0,0,0
3904,0,4f,1,0,0,0
3905,0,50,1,0,0,0
3906,0,51,1,0,0,0
3907,0,52,1,0,0,0
3908,0,53,1,0,0,0
3909,0,54,1,0,0,0
3910,0,55,1,0,0,0
3911,0,56,1,0,0,0
3912,0,57,1,0,0,0
3913,0,58,1,0,0,0
3914,0,59,1,0,0,0
3915,0,5a,1,0,0,0
3916,0,5b,1,0,0,0
3917,0,5c,1,0,0,1
3918,0,5d,1,0,0,1
3919,0,5e,1,0,0,1
3920,0,5f,1,0,0,1
3921,0,60,1,0,0,1
3922,0,61,1,0,0,1
3923,0,62,1,0,0,1
3924,0,63,1,0,0,1
3925,0,64,1,0,0,1
3926,0,65,1,0,0,1
3927,0,66,1,0,0,1
3928,0,67,1,0,0,1
3929,0,68,1,0,0,1
3930,0,69,1,0,0,1
3931,0,6a,1,0,0,1
3932,0,6b,1,0,0,1
3933,0,6c,1,0,0,0
3934,0,6d,1,0,0,0
3935,0,6e,1,0,0,0
3936,0,6f,1,0,0,0
3937,0,70,1,0,0,0
3938,0,71,1,0,0,0
3939,0,72,1,0,0,0
3940,0,73,1,0,0,0
3941,0,74,1,0,0,0
3942,0,75,1,0,0,0
3943,0,76,1,0,0,0
3944,0,77,1,0,0,0
3945,0,78,1,0,0,0
3946,0,79,1,0,0,0
3947,0,7a,1,0,0,0
3948,0,7b,1,0,0,0
3949,0,7c,1,0,0,1
3950,0,7d,1,0,0,1
3951,0,7e,1,0,0,1
3952,0,7f,1,0,0,1
3953,0,80,1,0,0,1
3954,0,81,1,0,0,1
3955,0,82,1,0,0,1
3956,0,83,1,0,0,1
3957,0,84,1,0,0,1
3958,0,85,1,0,0,1
3959,0,86,1,0,0,1
3960,0,87,1,0,0,1
3961,0,88,1,0,0,1
3962,0,89,1,0,0,1
3963,0,8a,1,0,0,1
3964,0,8b,1,0,0,1
3965,0,8c,1,0,0,0
3966,0,8d,1,0,0,0
3967,0,8e,1,0,0,0
3968,0,8f,1,0,0,0
3969,0,90,1,0,0,0
3970,0,91,1,0,0,0
3971,0,92,1,0,0,0
3972,0,93,1,0,0,0
3973,0,94,1,0,0,0
3974,0,95,1,0,0,0
3975,0,96,1,0,0,0
3976,0,97,1,0,0,0
3977,0,98,1,0,0,0
3978,0,99,1,0,0,0
3979,0,9a,1,0,0,0
3980,0,9b,1,0,0,0
3981,0,9c,1,0,0,1
3982,0,9d,1,0,0,1
3983,0,9e,1,0,0,1
3984,0,9f,1,0,0,1
3985,0,a0,1,0,0,1
3986,0,a1,1,0,0,1
3987,0,a2,1,0,0,1
3988,0,a3,1,0,0,1
3989,0,a4,1,0,0,1
3990,0,a5,1,0,0,1
3991,0,a6,1,0,0,1
3992,0,a7,1,0,0,1
3993,0,a8,1,0,0,1
3994,0,a9,1,0,0,1
3995,0,aa,1,0,0,1
3996,0,ab,1,0,0,1
3997,0,ac,1,0,0,0
3998,0,ad,1,0,0,0
3999,0,ae,1,0,0,0
4000,0,af,1,0,0,0
4001,0,b0,1,0,0,0
4002,0,b1,1,0,0,0
4003,0,b2,1,0,0,0
4004,0,b3,1,0,0,0
4005,0,b4,1,0,0,0
4006,0,b5,1,0,0,0
4007,0,b6,1,0,0,0
4008,0,b7,1,0,0,0
4009,0,b8,1,0,0,0
4010,0,b9,1,0,0,0
4011,0,ba,1,0,0,0
4012,0,bb,1,0,0,0
4013,0,bc,1,0,0,1
4014,0,bd,1,0,0,1
4015,0,be,1,0,0,1
4016,0,bf,1,0,0,1
4017,0,c0,1,0,0,1
4018,0,c1,1,0,0,1
4019,0,c2,1,0,0,1
4020,0,c3,1,0,0,1
4021,0,c4,1,0,0,1
4022,0,c5,1,0,0,1
4023,0,c6,1,0,0,1
4024,0,c7,1,0,0,1
4025,0,c8,1,0,0,1
4026,0,c9,1,0,0,1
4027,0,ca,1,0,0,1
4028,0,cb,1,0,0,1
4029,0,cc,1,0,0,0
4030,0,cd,1,0,0,0
4031,0,ce,1,0,0,0
4032,0,cf,1,0,0,0
4033,0,d0,1,0,0,0
4034,0,d1,1,0,0,0
4035,0,d2,1,0,0,0
4036,0,d3,1,0,0,0
4037,0,d4,1,0,0,0
4038,0,d5,1,0,0,0
4039,0,d6,1,0,0,0
4040,0,d7,1,0,0,0
4041,0,d8,1,0,0,0
4042,0,d9,1,0,0,0
4043,0,da,1,0,0,0
4044,0,db,1,0,0,0
4045,0,dc,1,0,0,1
4046,0,dd,1,0,0,1
4047,0,de,1,0,0,1
4048,0,df,1,0,0,1
4049,0,e0,1,0,0,1
4050,0,e1,1,0,0,1
4051,0,e2,1,0,0,1
4052,0,e3,1,0,0,1
4053,0,e4,1,0,0,1
4054,0,e5,1,0,0,1
4055,0,e6,1,0,0,1
4056,0,e7,1,0,0,1
4057,0,e8,1,0,0,1
4058,0,e9,1,0,0,1
4059,0,ea,1,0,0,1
4060,0,eb,1,0,0,1
4061,0,ec,1,0,0,0
4062,0,ed,1,0,0,0
4063,0,ee,1,0,0,0
4064,0,ef,1,0,0,0
4065,0,f0,1,0,0,0
4066,0,f1,1,0,0,0
4067,0,f2,1,0,0,0
4068,0,f3,1,0,0,0
4069,0,f4,1,0,0,0
4070,0,f5,1,0,0,0
4071,0,f6,1,0,0,0
4072,0,f7,1,0,0,0
4073,0,f8,1,0,0,0
4074,0,f9,1,0,0,0
4075,0,fa,1,0,0,0
4076,0,fb,1,0,0,0
4077,0,fc,1,0,0,1
4078,0,fd,1,0,0,1
4079,0,fe,1,0,0,1
4080,0,ff,1,0,0,1
4081,0,0,1,0,0,1
4082,0,1,1,0,0,1
4083,0,2,1,0,0,1
4084,0,3,1,0,0,1
4085,0,4,1,0,0,1
4086,0,5,1,0,0,1
4087,0,6,1,0,0,1
4088,0,7,1,0,0,1
4089,0,8,1,0,0,1
4090,0,9,1,0,0,1
4091,0,a,1,0,0,1
4092,0,b,1,0,0,1
4093,0,c,1,0,0,0
4094,0,d,1,0,0,0
4095,0,e,1,0,0,0
