Sample in Buffer,Trigger,counter[7:0],fsm_state[3:0]
0,1,98,0
1,0,99,0
2,0,9a,0
3,0,9b,0
4,0,9c,0
5,0,9d,0
6,0,9e,0
7,0,9f,0
8,0,a0,1
9,0,a1,1
10,0,a2,1
11,0,a3,1
12,0,a4,1
13,0,a5,1
14,0,a6,1
15,0,a7,1
16,0,a8,1
17,0,a9,1
18,0,aa,1
19,0,ab,1
20,0,ac,1
21,0,ad,1
22,0,ae,1
23,0,af,1
24,0,b0,1
25,0,b1,1
26,0,b2,1
27,0,b3,1
28,0,b4,1
29,0,b5,1
30,0,b6,1
31,0,b7,1
32,0,b8,1
33,0,b9,1
34,0,ba,1
35,0,bb,1
36,0,bc,1
37,0,bd,1
38,0,be,1
39,0,bf,1
40,0,c0,2
41,0,c1,2
42,0,c2,2
43,0,c3,2
44,0,c4,2
45,0,c5,2
46,0,c6,2
47,0,c7,2
48,0,c8,2
49,0,c9,2
50,0,ca,2
51,0,cb,2
52,0,cc,2
53,0,cd,2
54,0,ce,2
55,0,cf,2
56,0,d0,2
57,0,d1,2
58,0,d2,2
59,0,d3,2
60,0,d4,2
61,0,d5,2
62,0,d6,2
63,0,d7,2
64,0,d8,2
65,0,d9,2
66,0,da,2
67,0,db,2
68,0,dc,2
69,0,dd,2
70,0,de,2
71,0,df,2
72,0,e0,3
73,0,e1,3
74,0,e2,3
75,0,e3,3
76,0,e4,3
77,0,e5,3
78,0,e6,3
79,0,e7,3
80,0,e8,3
81,0,e9,3
82,0,ea,3
83,0,eb,3
84,0,ec,3
85,0,ed,3
86,0,ee,3
87,0,ef,3
88,0,f0,3
89,0,f1,3
90,0,f2,3
91,0,f3,3
92,0,f4,3
93,0,f5,3
94,0,f6,3
95,0,f7,3
96,0,f8,3
97,0,f9,3
98,0,fa,3
99,0,fb,3
100,0,fc,3
101,0,fd,3
102,0,fe,3
103,0,ff,3
104,0,0,0
105,0,1,0
106,0,2,0
107,0,3,0
108,0,4,0
109,0,5,0
110,0,6,0
111,0,7,0
112,0,8,0
113,0,9,0
114,0,a,0
115,0,b,0
116,0,c,0
117,0,d,0
118,0,e,0
119,0,f,0
120,0,10,0
121,0,11,0
122,0,12,0
123,0,13,0
124,0,14,0
125,0,15,0
126,0,16,0
127,0,17,0
128,0,18,0
129,0,19,0
130,0,1a,0
131,0,1b,0
132,0,1c,0
133,0,1d,0
134,0,1e,0
135,0,1f,0
136,0,20,1
137,0,21,1
138,0,22,1
139,0,23,1
140,0,24,1
141,0,25,1
142,0,26,1
143,0,27,1
144,0,28,1
145,0,29,1
146,0,2a,1
147,0,2b,1
148,0,2c,1
149,0,2d,1
150,0,2e,1
151,0,2f,1
152,0,30,1
153,0,31,1
154,0,32,1
155,0,33,1
156,0,34,1
157,0,35,1
158,0,36,1
159,0,37,1
160,0,38,1
161,0,39,1
162,0,3a,1
163,0,3b,1
164,0,3c,1
165,0,3d,1
166,0,3e,1
167,0,3f,1
168,0,40,2
169,0,41,2
170,0,42,2
171,0,43,2
172,0,44,2
173,0,45,2
174,0,46,2
175,0,47,2
176,0,48,2
177,0,49,2
178,0,4a,2
179,0,4b,2
180,0,4c,2
181,0,4d,2
182,0,4e,2
183,0,4f,2
184,0,50,2
185,0,51,2
186,0,52,2
187,0,53,2
188,0,54,2
189,0,55,2
190,0,56,2
191,0,57,2
192,0,58,2
193,0,59,2
194,0,5a,2
195,0,5b,2
196,0,5c,2
197,0,5d,2
198,0,5e,2
199,0,5f,2
200,0,60,3
201,0,61,3
202,0,62,3
203,0,63,3
204,0,64,3
205,0,65,3
206,0,66,3
207,0,67,3
208,0,68,3
209,0,69,3
210,0,6a,3
211,0,6b,3
212,0,6c,3
213,0,6d,3
214,0,6e,3
215,0,6f,3
216,0,70,3
217,0,71,3
218,0,72,3
219,0,73,3
220,0,74,3
221,0,75,3
222,0,76,3
223,0,77,3
224,0,78,3
225,0,79,3
226,0,7a,3
227,0,7b,3
228,0,7c,3
229,0,7d,3
230,0,7e,3
231,0,7f,3
232,0,80,0
233,0,81,0
234,0,82,0
235,0,83,0
236,0,84,0
237,0,85,0
238,0,86,0
239,0,87,0
240,0,88,0
241,0,89,0
242,0,8a,0
243,0,8b,0
244,0,8c,0
245,0,8d,0
246,0,8e,0
247,0,8f,0
248,0,90,0
249,0,91,0
250,0,92,0
251,0,93,0
252,0,94,0
253,0,95,0
254,0,96,0
255,0,97,0
256,0,98,0
257,0,99,0
258,0,9a,0
259,0,9b,0
260,0,9c,0
261,0,9d,0
262,0,9e,0
263,0,9f,0
264,0,a0,1
265,0,a1,1
266,0,a2,1
267,0,a3,1
268,0,a4,1
269,0,a5,1
270,0,a6,1
271,0,a7,1
272,0,a8,1
273,0,a9,1
274,0,aa,1
275,0,ab,1
276,0,ac,1
277,0,ad,1
278,0,ae,1
279,0,af,1
280,0,b0,1
281,0,b1,1
282,0,b2,1
283,0,b3,1
284,0,b4,1
285,0,b5,1
286,0,b6,1
287,0,b7,1
288,0,b8,1
289,0,b9,1
290,0,ba,1
291,0,bb,1
292,0,bc,1
293,0,bd,1
294,0,be,1
295,0,bf,1
296,0,c0,2
297,0,c1,2
298,0,c2,2
299,0,c3,2
300,0,c4,2
301,0,c5,2
302,0,c6,2
303,0,c7,2
304,0,c8,2
305,0,c9,2
306,0,ca,2
307,0,cb,2
308,0,cc,2
309,0,cd,2
310,0,ce,2
311,0,cf,2
312,0,d0,2
313,0,d1,2
314,0,d2,2
315,0,d3,2
316,0,d4,2
317,0,d5,2
318,0,d6,2
319,0,d7,2
320,0,d8,2
321,0,d9,2
322,0,da,2
323,0,db,2
324,0,dc,2
325,0,dd,2
326,0,de,2
327,0,df,2
328,0,e0,3
329,0,e1,3
330,0,e2,3
331,0,e3,3
332,0,e4,3
333,0,e5,3
334,0,e6,3
335,0,e7,3
336,0,e8,3
337,0,e9,3
338,0,ea,3
339,0,eb,3
340,0,ec,3
341,0,ed,3
342,0,ee,3
343,0,ef,3
344,0,f0,3
345,0,f1,3
346,0,f2,3
347,0,f3,3
348,0,f4,3
349,0,f5,3
350,0,f6,3
351,0,f7,3
352,0,f8,3
353,0,f9,3
354,0,fa,3
355,0,fb,3
356,0,fc,3
357,0,fd,3
358,0,fe,3
359,0,ff,3
360,0,0,0
361,0,1,0
362,0,2,0
363,0,3,0
364,0,4,0
365,0,5,0
366,0,6,0
367,0,7,0
368,0,8,0
369,0,9,0
370,0,a,0
371,0,b,0
372,0,c,0
373,0,d,0
374,0,e,0
375,0,f,0
376,0,10,0
377,0,11,0
378,0,12,0
379,0,13,0
380,0,14,0
381,0,15,0
382,0,16,0
383,0,17,0
384,0,18,0
385,0,19,0
386,0,1a,0
387,0,1b,0
388,0,1c,0
389,0,1d,0
390,0,1e,0
391,0,1f,0
392,0,20,1
393,0,21,1
394,0,22,1
395,0,23,1
396,0,24,1
397,0,25,1
398,0,26,1
399,0,27,1
400,0,28,1
401,0,29,1
402,0,2a,1
403,0,2b,1
404,0,2c,1
405,0,2d,1
406,0,2e,1
407,0,2f,1
408,0,30,1
409,0,31,1
410,0,32,1
411,0,33,1
412,0,34,1
413,0,35,1
414,0,36,1
415,0,37,1
416,0,38,1
417,0,39,1
418,0,3a,1
419,0,3b,1
420,0,3c,1
421,0,3d,1
422,0,3e,1
423,0,3f,1
424,0,40,2
425,0,41,2
426,0,42,2
427,0,43,2
428,0,44,2
429,0,45,2
430,0,46,2
431,0,47,2
432,0,48,2
433,0,49,2
434,0,4a,2
435,0,4b,2
436,0,4c,2
437,0,4d,2
438,0,4e,2
439,0,4f,2
440,0,50,2
441,0,51,2
442,0,52,2
443,0,53,2
444,0,54,2
445,0,55,2
446,0,56,2
447,0,57,2
448,0,58,2
449,0,59,2
450,0,5a,2
451,0,5b,2
452,0,5c,2
453,0,5d,2
454,0,5e,2
455,0,5f,2
456,0,60,3
457,0,61,3
458,0,62,3
459,0,63,3
460,0,64,3
461,0,65,3
462,0,66,3
463,0,67,3
464,0,68,3
465,0,69,3
466,0,6a,3
467,0,6b,3
468,0,6c,3
469,0,6d,3
470,0,6e,3
471,0,6f,3
472,0,70,3
473,0,71,3
474,0,72,3
475,0,73,3
476,0,74,3
477,0,75,3
478,0,76,3
479,0,77,3
480,0,78,3
481,0,79,3
482,0,7a,3
483,0,7b,3
484,0,7c,3
485,0,7d,3
486,0,7e,3
487,0,7f,3
488,0,80,0
489,0,81,0
490,0,82,0
491,0,83,0
492,0,84,0
493,0,85,0
494,0,86,0
495,0,87,0
496,0,88,0
497,0,89,0
498,0,8a,0
499,0,8b,0
500,0,8c,0
501,0,8d,0
502,0,8e,0
503,0,8f,0
504,0,90,0
505,0,91,0
506,0,92,0
507,0,93,0
508,0,94,0
509,0,95,0
510,0,96,0
511,0,97,0
512,0,98,0
513,0,99,0
514,0,9a,0
515,0,9b,0
516,0,9c,0
517,0,9d,0
518,0,9e,0
519,0,9f,0
520,0,a0,1
521,0,a1,1
522,0,a2,1
523,0,a3,1
524,0,a4,1
525,0,a5,1
526,0,a6,1
527,0,a7,1
528,0,a8,1
529,0,a9,1
530,0,aa,1
531,0,ab,1
532,0,ac,1
533,0,ad,1
534,0,ae,1
535,0,af,1
536,0,b0,1
537,0,b1,1
538,0,b2,1
539,0,b3,1
540,0,b4,1
541,0,b5,1
542,0,b6,1
543,0,b7,1
544,0,b8,1
545,0,b9,1
546,0,ba,1
547,0,bb,1
548,0,bc,1
549,0,bd,1
550,0,be,1
551,0,bf,1
552,0,c0,2
553,0,c1,2
554,0,c2,2
555,0,c3,2
556,0,c4,2
557,0,c5,2
558,0,c6,2
559,0,c7,2
560,0,c8,2
561,0,c9,2
562,0,ca,2
563,0,cb,2
564,0,cc,2
565,0,cd,2
566,0,ce,2
567,0,cf,2
568,0,d0,2
569,0,d1,2
570,0,d2,2
571,0,d3,2
572,0,d4,2
573,0,d5,2
574,0,d6,2
575,0,d7,2
576,0,d8,2
577,0,d9,2
578,0,da,2
579,0,db,2
580,0,dc,2
581,0,dd,2
582,0,de,2
583,0,df,2
584,0,e0,3
585,0,e1,3
586,0,e2,3
587,0,e3,3
588,0,e4,3
589,0,e5,3
590,0,e6,3
591,0,e7,3
592,0,e8,3
593,0,e9,3
594,0,ea,3
595,0,eb,3
596,0,ec,3
597,0,ed,3
598,0,ee,3
599,0,ef,3
600,0,f0,3
601,0,f1,3
602,0,f2,3
603,0,f3,3
604,0,f4,3
605,0,f5,3
606,0,f6,3
607,0,f7,3
608,0,f8,3
609,0,f9,3
610,0,fa,3
611,0,fb,3
612,0,fc,3
613,0,fd,3
614,0,fe,3
615,0,ff,3
616,0,0,0
617,0,1,0
618,0,2,0
619,0,3,0
620,0,4,0
621,0,5,0
622,0,6,0
623,0,7,0
624,0,8,0
625,0,9,0
626,0,a,0
627,0,b,0
628,0,c,0
629,0,d,0
630,0,e,0
631,0,f,0
632,0,10,0
633,0,11,0
634,0,12,0
635,0,13,0
636,0,14,0
637,0,15,0
638,0,16,0
639,0,17,0
640,0,18,0
641,0,19,0
642,0,1a,0
643,0,1b,0
644,0,1c,0
645,0,1d,0
646,0,1e,0
647,0,1f,0
648,0,20,1
649,0,21,1
650,0,22,1
651,0,23,1
652,0,24,1
653,0,25,1
654,0,26,1
655,0,27,1
656,0,28,1
657,0,29,1
658,0,2a,1
659,0,2b,1
660,0,2c,1
661,0,2d,1
662,0,2e,1
663,0,2f,1
664,0,30,1
665,0,31,1
666,0,32,1
667,0,33,1
668,0,34,1
669,0,35,1
670,0,36,1
671,0,37,1
672,0,38,1
673,0,39,1
674,0,3a,1
675,0,3b,1
676,0,3c,1
677,0,3d,1
678,0,3e,1
679,0,3f,1
680,0,40,2
681,0,41,2
682,0,42,2
683,0,43,2
684,0,44,2
685,0,45,2
686,0,46,2
687,0,47,2
688,0,48,2
689,0,49,2
690,0,4a,2
691,0,4b,2
692,0,4c,2
693,0,4d,2
694,0,4e,2
695,0,4f,2
696,0,50,2
697,0,51,2
698,0,52,2
699,0,53,2
700,0,54,2
701,0,55,2
702,0,56,2
703,0,57,2
704,0,58,2
705,0,59,2
706,0,5a,2
707,0,5b,2
708,0,5c,2
709,0,5d,2
710,0,5e,2
711,0,5f,2
712,0,60,3
713,0,61,3
714,0,62,3
715,0,63,3
716,0,64,3
717,0,65,3
718,0,66,3
719,0,67,3
720,0,68,3
721,0,69,3
722,0,6a,3
723,0,6b,3
724,0,6c,3
725,0,6d,3
726,0,6e,3
727,0,6f,3
728,0,70,3
729,0,71,3
730,0,72,3
731,0,73,3
732,0,74,3
733,0,75,3
734,0,76,3
735,0,77,3
736,0,78,3
737,0,79,3
738,0,7a,3
739,0,7b,3
740,0,7c,3
741,0,7d,3
742,0,7e,3
743,0,7f,3
744,0,80,0
745,0,81,0
746,0,82,0
747,0,83,0
748,0,84,0
749,0,85,0
750,0,86,0
751,0,87,0
752,0,88,0
753,0,89,0
754,0,8a,0
755,0,8b,0
756,0,8c,0
757,0,8d,0
758,0,8e,0
759,0,8f,0
760,0,90,0
761,0,91,0
762,0,92,0
763,0,93,0
764,0,94,0
765,0,95,0
766,0,96,0
767,0,97,0
768,0,98,0
769,0,99,0
770,0,9a,0
771,0,9b,0
772,0,9c,0
773,0,9d,0
774,0,9e,0
775,0,9f,0
776,0,a0,1
777,0,a1,1
778,0,a2,1
779,0,a3,1
780,0,a4,1
781,0,a5,1
782,0,a6,1
783,0,a7,1
784,0,a8,1
785,0,a9,1
786,0,aa,1
787,0,ab,1
788,0,ac,1
789,0,ad,1
790,0,ae,1
791,0,af,1
792,0,b0,1
793,0,b1,1
794,0,b2,1
795,0,b3,1
796,0,b4,1
797,0,b5,1
798,0,b6,1
799,0,b7,1
800,0,b8,1
801,0,b9,1
802,0,ba,1
803,0,bb,1
804,0,bc,1
805,0,bd,1
806,0,be,1
807,0,bf,1
808,0,c0,2
809,0,c1,2
810,0,c2,2
811,0,c3,2
812,0,c4,2
813,0,c5,2
814,0,c6,2
815,0,c7,2
816,0,c8,2
817,0,c9,2
818,0,ca,2
819,0,cb,2
820,0,cc,2
821,0,cd,2
822,0,ce,2
823,0,cf,2
824,0,d0,2
825,0,d1,2
826,0,d2,2
827,0,d3,2
828,0,d4,2
829,0,d5,2
830,0,d6,2
831,0,d7,2
832,0,d8,2
833,0,d9,2
834,0,da,2
835,0,db,2
836,0,dc,2
837,0,dd,2
838,0,de,2
839,0,df,2
840,0,e0,3
841,0,e1,3
842,0,e2,3
843,0,e3,3
844,0,e4,3
845,0,e5,3
846,0,e6,3
847,0,e7,3
848,0,e8,3
849,0,e9,3
850,0,ea,3
851,0,eb,3
852,0,ec,3
853,0,ed,3
854,0,ee,3
855,0,ef,3
856,0,f0,3
857,0,f1,3
858,0,f2,3
859,0,f3,3
860,0,f4,3
861,0,f5,3
862,0,f6,3
863,0,f7,3
864,0,f8,3
865,0,f9,3
866,0,fa,3
867,0,fb,3
868,0,fc,3
869,0,fd,3
870,0,fe,3
871,0,ff,3
872,0,0,0
873,0,1,0
874,0,2,0
875,0,3,0
876,0,4,0
877,0,5,0
878,0,6,0
879,0,7,0
880,0,8,0
881,0,9,0
882,0,a,0
883,0,b,0
884,0,c,0
885,0,d,0
886,0,e,0
887,0,f,0
888,0,10,0
889,0,11,0
890,0,12,0
891,0,13,0
892,0,14,0
893,0,15,0
894,0,16,0
895,0,17,0
896,0,18,0
897,0,19,0
898,0,1a,0
899,0,1b,0
900,0,1c,0
901,0,1d,0
902,0,1e,0
903,0,1f,0
904,0,20,1
905,0,21,1
906,0,22,1
907,0,23,1
908,0,24,1
909,0,25,1
910,0,26,1
911,0,27,1
912,0,28,1
913,0,29,1
914,0,2a,1
915,0,2b,1
916,0,2c,1
917,0,2d,1
918,0,2e,1
919,0,2f,1
920,0,30,1
921,0,31,1
922,0,32,1
923,0,33,1
924,0,34,1
925,0,35,1
926,0,36,1
927,0,37,1
928,0,38,1
929,0,39,1
930,0,3a,1
931,0,3b,1
932,0,3c,1
933,0,3d,1
934,0,3e,1
935,0,3f,1
936,0,40,2
937,0,41,2
938,0,42,2
939,0,43,2
940,0,44,2
941,0,45,2
942,0,46,2
943,0,47,2
944,0,48,2
945,0,49,2
946,0,4a,2
947,0,4b,2
948,0,4c,2
949,0,4d,2
950,0,4e,2
951,0,4f,2
952,0,50,2
953,0,51,2
954,0,52,2
955,0,53,2
956,0,54,2
957,0,55,2
958,0,56,2
959,0,57,2
960,0,58,2
961,0,59,2
962,0,5a,2
963,0,5b,2
964,0,5c,2
965,0,5d,2
966,0,5e,2
967,0,5f,2
968,0,60,3
969,0,61,3
970,0,62,3
971,0,63,3
972,0,64,3
973,0,65,3
974,0,66,3
975,0,67,3
976,0,68,3
977,0,69,3
978,0,6a,3
979,0,6b,3
980,0,6c,3
981,0,6d,3
982,0,6e,3
983,0,6f,3
984,0,70,3
985,0,71,3
986,0,72,3
987,0,73,3
988,0,74,3
989,0,75,3
990,0,76,3
991,0,77,3
992,0,78,3
993,0,79,3
994,0,7a,3
995,0,7b,3
996,0,7c,3
997,0,7d,3
998,0,7e,3
999,0,7f,3
1000,0,80,0
1001,0,81,0
1002,0,82,0
1003,0,83,0
1004,0,84,0
1005,0,85,0
1006,0,86,0
1007,0,87,0
1008,0,88,0
1009,0,89,0
1010,0,8a,0
1011,0,8b,0
1012,0,8c,0
1013,0,8d,0
1014,0,8e,0
1015,0,8f,0
1016,0,90,0
1017,0,91,0
1018,0,92,0
1019,0,93,0
1020,0,94,0
1021,0,95,0
1022,0,96,0
1023,0,97,0
1024,0,98,0
1025,0,99,0
1026,0,9a,0
1027,0,9b,0
1028,0,9c,0
1029,0,9d,0
1030,0,9e,0
1031,0,9f,0
1032,0,a0,1
1033,0,a1,1
1034,0,a2,1
1035,0,a3,1
1036,0,a4,1
1037,0,a5,1
1038,0,a6,1
1039,0,a7,1
1040,0,a8,1
1041,0,a9,1
1042,0,aa,1
1043,0,ab,1
1044,0,ac,1
1045,0,ad,1
1046,0,ae,1
1047,0,af,1
1048,0,b0,1
1049,0,b1,1
1050,0,b2,1
1051,0,b3,1
1052,0,b4,1
1053,0,b5,1
1054,0,b6,1
1055,0,b7,1
1056,0,b8,1
1057,0,b9,1
1058,0,ba,1
1059,0,bb,1
1060,0,bc,1
1061,0,bd,1
1062,0,be,1
1063,0,bf,1
1064,0,c0,2
1065,0,c1,2
1066,0,c2,2
1067,0,c3,2
1068,0,c4,2
1069,0,c5,2
1070,0,c6,2
1071,0,c7,2
1072,0,c8,2
1073,0,c9,2
1074,0,ca,2
1075,0,cb,2
1076,0,cc,2
1077,0,cd,2
1078,0,ce,2
1079,0,cf,2
1080,0,d0,2
1081,0,d1,2
1082,0,d2,2
1083,0,d3,2
1084,0,d4,2
1085,0,d5,2
1086,0,d6,2
1087,0,d7,2
1088,0,d8,2
1089,0,d9,2
1090,0,da,2
1091,0,db,2
1092,0,dc,2
1093,0,dd,2
1094,0,de,2
1095,0,df,2
1096,0,e0,3
1097,0,e1,3
1098,0,e2,3
1099,0,e3,3
1100,0,e4,3
1101,0,e5,3
1102,0,e6,3
1103,0,e7,3
1104,0,e8,3
1105,0,e9,3
1106,0,ea,3
1107,0,eb,3
1108,0,ec,3
1109,0,ed,3
1110,0,ee,3
1111,0,ef,3
1112,0,f0,3
1113,0,f1,3
1114,0,f2,3
1115,0,f3,3
1116,0,f4,3
1117,0,f5,3
1118,0,f6,3
1119,0,f7,3
1120,0,f8,3
1121,0,f9,3
1122,0,fa,3
1123,0,fb,3
1124,0,fc,3
1125,0,fd,3
1126,0,fe,3
1127,0,ff,3
1128,0,0,0
1129,0,1,0
1130,0,2,0
1131,0,3,0
1132,0,4,0
1133,0,5,0
1134,0,6,0
1135,0,7,0
1136,0,8,0
1137,0,9,0
1138,0,a,0
1139,0,b,0
1140,0,c,0
1141,0,d,0
1142,0,e,0
1143,0,f,0
1144,0,10,0
1145,0,11,0
1146,0,12,0
1147,0,13,0
1148,0,14,0
1149,0,15,0
1150,0,16,0
1151,0,17,0
1152,0,18,0
1153,0,19,0
1154,0,1a,0
1155,0,1b,0
1156,0,1c,0
1157,0,1d,0
1158,0,1e,0
1159,0,1f,0
1160,0,20,1
1161,0,21,1
1162,0,22,1
1163,0,23,1
1164,0,24,1
1165,0,25,1
1166,0,26,1
1167,0,27,1
1168,0,28,1
1169,0,29,1
1170,0,2a,1
1171,0,2b,1
1172,0,2c,1
1173,0,2d,1
1174,0,2e,1
1175,0,2f,1
1176,0,30,1
1177,0,31,1
1178,0,32,1
1179,0,33,1
1180,0,34,1
1181,0,35,1
1182,0,36,1
1183,0,37,1
1184,0,38,1
1185,0,39,1
1186,0,3a,1
1187,0,3b,1
1188,0,3c,1
1189,0,3d,1
1190,0,3e,1
1191,0,3f,1
1192,0,40,2
1193,0,41,2
1194,0,42,2
1195,0,43,2
1196,0,44,2
1197,0,45,2
1198,0,46,2
1199,0,47,2
1200,0,48,2
1201,0,49,2
1202,0,4a,2
1203,0,4b,2
1204,0,4c,2
1205,0,4d,2
1206,0,4e,2
1207,0,4f,2
1208,0,50,2
1209,0,51,2
1210,0,52,2
1211,0,53,2
1212,0,54,2
1213,0,55,2
1214,0,56,2
1215,0,57,2
1216,0,58,2
1217,0,59,2
1218,0,5a,2
1219,0,5b,2
1220,0,5c,2
1221,0,5d,2
1222,0,5e,2
1223,0,5f,2
1224,0,60,3
1225,0,61,3
1226,0,62,3
1227,0,63,3
1228,0,64,3
1229,0,65,3
1230,0,66,3
1231,0,67,3
1232,0,68,3
1233,0,69,3
1234,0,6a,3
1235,0,6b,3
1236,0,6c,3
1237,0,6d,3
1238,0,6e,3
1239,0,6f,3
1240,0,70,3
1241,0,71,3
1242,0,72,3
1243,0,73,3
1244,0,74,3
1245,0,75,3
1246,0,76,3
1247,0,77,3
1248,0,78,3
1249,0,79,3
1250,0,7a,3
1251,0,7b,3
1252,0,7c,3
1253,0,7d,3
1254,0,7e,3
1255,0,7f,3
1256,0,80,0
1257,0,81,0
1258,0,82,0
1259,0,83,0
1260,0,84,0
1261,0,85,0
1262,0,86,0
1263,0,87,0
1264,0,88,0
1265,0,89,0
1266,0,8a,0
1267,0,8b,0
1268,0,8c,0
1269,0,8d,0
1270,0,8e,0
1271,0,8f,0
1272,0,90,0
1273,0,91,0
1274,0,92,0
1275,0,93,0
1276,0,94,0
1277,0,95,0
1278,0,96,0
1279,0,97,0
1280,0,98,0
1281,0,99,0
1282,0,9a,0
1283,0,9b,0
1284,0,9c,0
1285,0,9d,0
1286,0,9e,0
1287,0,9f,0
1288,0,a0,1
1289,0,a1,1
1290,0,a2,1
1291,0,a3,1
1292,0,a4,1
1293,0,a5,1
1294,0,a6,1
1295,0,a7,1
1296,0,a8,1
1297,0,a9,1
1298,0,aa,1
1299,0,ab,1
1300,0,ac,1
1301,0,ad,1
1302,0,ae,1
1303,0,af,1
1304,0,b0,1
1305,0,b1,1
1306,0,b2,1
1307,0,b3,1
1308,0,b4,1
1309,0,b5,1
1310,0,b6,1
1311,0,b7,1
1312,0,b8,1
1313,0,b9,1
1314,0,ba,1
1315,0,bb,1
1316,0,bc,1
1317,0,bd,1
1318,0,be,1
1319,0,bf,1
1320,0,c0,2
1321,0,c1,2
1322,0,c2,2
1323,0,c3,2
1324,0,c4,2
1325,0,c5,2
1326,0,c6,2
1327,0,c7,2
1328,0,c8,2
1329,0,c9,2
1330,0,ca,2
1331,0,cb,2
1332,0,cc,2
1333,0,cd,2
1334,0,ce,2
1335,0,cf,2
1336,0,d0,2
1337,0,d1,2
1338,0,d2,2
1339,0,d3,2
1340,0,d4,2
1341,0,d5,2
1342,0,d6,2
1343,0,d7,2
1344,0,d8,2
1345,0,d9,2
1346,0,da,2
1347,0,db,2
1348,0,dc,2
1349,0,dd,2
1350,0,de,2
1351,0,df,2
1352,0,e0,3
1353,0,e1,3
1354,0,e2,3
1355,0,e3,3
1356,0,e4,3
1357,0,e5,3
1358,0,e6,3
1359,0,e7,3
1360,0,e8,3
1361,0,e9,3
1362,0,ea,3
1363,0,eb,3
1364,0,ec,3
1365,0,ed,3
1366,0,ee,3
1367,0,ef,3
1368,0,f0,3
1369,0,f1,3
1370,0,f2,3
1371,0,f3,3
1372,0,f4,3
1373,0,f5,3
1374,0,f6,3
1375,0,f7,3
1376,0,f8,3
1377,0,f9,3
1378,0,fa,3
1379,0,fb,3
1380,0,fc,3
1381,0,fd,3
1382,0,fe,3
1383,0,ff,3
1384,0,0,0
1385,0,1,0
1386,0,2,0
1387,0,3,0
1388,0,4,0
1389,0,5,0
1390,0,6,0
1391,0,7,0
1392,0,8,0
1393,0,9,0
1394,0,a,0
1395,0,b,0
1396,0,c,0
1397,0,d,0
1398,0,e,0
1399,0,f,0
1400,0,10,0
1401,0,11,0
1402,0,12,0
1403,0,13,0
1404,0,14,0
1405,0,15,0
1406,0,16,0
1407,0,17,0
1408,0,18,0
1409,0,19,0
1410,0,1a,0
1411,0,1b,0
1412,0,1c,0
1413,0,1d,0
1414,0,1e,0
1415,0,1f,0
1416,0,20,1
1417,0,21,1
1418,0,22,1
1419,0,23,1
1420,0,24,1
1421,0,25,1
1422,0,26,1
1423,0,27,1
1424,0,28,1
1425,0,29,1
1426,0,2a,1
1427,0,2b,1
1428,0,2c,1
1429,0,2d,1
1430,0,2e,1
1431,0,2f,1
1432,0,30,1
1433,0,31,1
1434,0,32,1
1435,0,33,1
1436,0,34,1
1437,0,35,1
1438,0,36,1
1439,0,37,1
1440,0,38,1
1441,0,39,1
1442,0,3a,1
1443,0,3b,1
1444,0,3c,1
1445,0,3d,1
1446,0,3e,1
1447,0,3f,1
1448,0,40,2
1449,0,41,2
1450,0,42,2
1451,0,43,2
1452,0,44,2
1453,0,45,2
1454,0,46,2
1455,0,47,2
1456,0,48,2
1457,0,49,2
1458,0,4a,2
1459,0,4b,2
1460,0,4c,2
1461,0,4d,2
1462,0,4e,2
1463,0,4f,2
1464,0,50,2
1465,0,51,2
1466,0,52,2
1467,0,53,2
1468,0,54,2
1469,0,55,2
1470,0,56,2
1471,0,57,2
1472,0,58,2
1473,0,59,2
1474,0,5a,2
1475,0,5b,2
1476,0,5c,2
1477,0,5d,2
1478,0,5e,2
1479,0,5f,2
1480,0,60,3
1481,0,61,3
1482,0,62,3
1483,0,63,3
1484,0,64,3
1485,0,65,3
1486,0,66,3
1487,0,67,3
1488,0,68,3
1489,0,69,3
1490,0,6a,3
1491,0,6b,3
1492,0,6c,3
1493,0,6d,3
1494,0,6e,3
1495,0,6f,3
1496,0,70,3
1497,0,71,3
1498,0,72,3
1499,0,73,3
1500,0,74,3
1501,0,75,3
1502,0,76,3
1503,0,77,3
1504,0,78,3
1505,0,79,3
1506,0,7a,3
1507,0,7b,3
1508,0,7c,3
1509,0,7d,3
1510,0,7e,3
1511,0,7f,3
1512,0,80,0
1513,0,81,0
1514,0,82,0
1515,0,83,0
1516,0,84,0
1517,0,85,0
1518,0,86,0
1519,0,87,0
1520,0,88,0
1521,0,89,0
1522,0,8a,0
1523,0,8b,0
1524,0,8c,0
1525,0,8d,0
1526,0,8e,0
1527,0,8f,0
1528,0,90,0
1529,0,91,0
1530,0,92,0
1531,0,93,0
1532,0,94,0
1533,0,95,0
1534,0,96,0
1535,0,97,0
1536,0,98,0
1537,0,99,0
1538,0,9a,0
1539,0,9b,0
1540,0,9c,0
1541,0,9d,0
1542,0,9e,0
1543,0,9f,0
1544,0,a0,1
1545,0,a1,1
1546,0,a2,1
1547,0,a3,1
1548,0,a4,1
1549,0,a5,1
1550,0,a6,1
1551,0,a7,1
1552,0,a8,1
1553,0,a9,1
1554,0,aa,1
1555,0,ab,1
1556,0,ac,1
1557,0,ad,1
1558,0,ae,1
1559,0,af,1
1560,0,b0,1
1561,0,b1,1
1562,0,b2,1
1563,0,b3,1
1564,0,b4,1
1565,0,b5,1
1566,0,b6,1
1567,0,b7,1
1568,0,b8,1
1569,0,b9,1
1570,0,ba,1
1571,0,bb,1
1572,0,bc,1
1573,0,bd,1
1574,0,be,1
1575,0,bf,1
1576,0,c0,2
1577,0,c1,2
1578,0,c2,2
1579,0,c3,2
1580,0,c4,2
1581,0,c5,2
1582,0,c6,2
1583,0,c7,2
1584,0,c8,2
1585,0,c9,2
1586,0,ca,2
1587,0,cb,2
1588,0,cc,2
1589,0,cd,2
1590,0,ce,2
1591,0,cf,2
1592,0,d0,2
1593,0,d1,2
1594,0,d2,2
1595,0,d3,2
1596,0,d4,2
1597,0,d5,2
1598,0,d6,2
1599,0,d7,2
1600,0,d8,2
1601,0,d9,2
1602,0,da,2
1603,0,db,2
1604,0,dc,2
1605,0,dd,2
1606,0,de,2
1607,0,df,2
1608,0,e0,3
1609,0,e1,3
1610,0,e2,3
1611,0,e3,3
1612,0,e4,3
1613,0,e5,3
1614,0,e6,3
1615,0,e7,3
1616,0,e8,3
1617,0,e9,3
1618,0,ea,3
1619,0,eb,3
1620,0,ec,3
1621,0,ed,3
1622,0,ee,3
1623,0,ef,3
1624,0,f0,3
1625,0,f1,3
1626,0,f2,3
1627,0,f3,3
1628,0,f4,3
1629,0,f5,3
1630,0,f6,3
1631,0,f7,3
1632,0,f8,3
1633,0,f9,3
1634,0,fa,3
1635,0,fb,3
1636,0,fc,3
1637,0,fd,3
1638,0,fe,3
1639,0,ff,3
1640,0,0,0
1641,0,1,0
1642,0,2,0
1643,0,3,0
1644,0,4,0
1645,0,5,0
1646,0,6,0
1647,0,7,0
1648,0,8,0
1649,0,9,0
1650,0,a,0
1651,0,b,0
1652,0,c,0
1653,0,d,0
1654,0,e,0
1655,0,f,0
1656,0,10,0
1657,0,11,0
1658,0,12,0
1659,0,13,0
1660,0,14,0
1661,0,15,0
1662,0,16,0
1663,0,17,0
1664,0,18,0
1665,0,19,0
1666,0,1a,0
1667,0,1b,0
1668,0,1c,0
1669,0,1d,0
1670,0,1e,0
1671,0,1f,0
1672,0,20,1
1673,0,21,1
1674,0,22,1
1675,0,23,1
1676,0,24,1
1677,0,25,1
1678,0,26,1
1679,0,27,1
1680,0,28,1
1681,0,29,1
1682,0,2a,1
1683,0,2b,1
1684,0,2c,1
1685,0,2d,1
1686,0,2e,1
1687,0,2f,1
1688,0,30,1
1689,0,31,1
1690,0,32,1
1691,0,33,1
1692,0,34,1
1693,0,35,1
1694,0,36,1
1695,0,37,1
1696,0,38,1
1697,0,39,1
1698,0,3a,1
1699,0,3b,1
1700,0,3c,1
1701,0,3d,1
1702,0,3e,1
1703,0,3f,1
1704,0,40,2
1705,0,41,2
1706,0,42,2
1707,0,43,2
1708,0,44,2
1709,0,45,2
1710,0,46,2
1711,0,47,2
1712,0,48,2
1713,0,49,2
1714,0,4a,2
1715,0,4b,2
1716,0,4c,2
1717,0,4d,2
1718,0,4e,2
1719,0,4f,2
1720,0,50,2
1721,0,51,2
1722,0,52,2
1723,0,53,2
1724,0,54,2
1725,0,55,2
1726,0,56,2
1727,0,57,2
1728,0,58,2
1729,0,59,2
1730,0,5a,2
1731,0,5b,2
1732,0,5c,2
1733,0,5d,2
1734,0,5e,2
1735,0,5f,2
1736,0,60,3
1737,0,61,3
1738,0,62,3
1739,0,63,3
1740,0,64,3
1741,0,65,3
1742,0,66,3
1743,0,67,3
1744,0,68,3
1745,0,69,3
1746,0,6a,3
1747,0,6b,3
1748,0,6c,3
1749,0,6d,3
1750,0,6e,3
1751,0,6f,3
1752,0,70,3
1753,0,71,3
1754,0,72,3
1755,0,73,3
1756,0,74,3
1757,0,75,3
1758,0,76,3
1759,0,77,3
1760,0,78,3
1761,0,79,3
1762,0,7a,3
1763,0,7b,3
1764,0,7c,3
1765,0,7d,3
1766,0,7e,3
1767,0,7f,3
1768,0,80,0
1769,0,81,0
1770,0,82,0
1771,0,83,0
1772,0,84,0
1773,0,85,0
1774,0,86,0
1775,0,87,0
1776,0,88,0
1777,0,89,0
1778,0,8a,0
1779,0,8b,0
1780,0,8c,0
1781,0,8d,0
1782,0,8e,0
1783,0,8f,0
1784,0,90,0
1785,0,91,0
1786,0,92,0
1787,0,93,0
1788,0,94,0
1789,0,95,0
1790,0,96,0
1791,0,97,0
1792,0,98,0
1793,0,99,0
1794,0,9a,0
1795,0,9b,0
1796,0,9c,0
1797,0,9d,0
1798,0,9e,0
1799,0,9f,0
1800,0,a0,1
1801,0,a1,1
1802,0,a2,1
1803,0,a3,1
1804,0,a4,1
1805,0,a5,1
1806,0,a6,1
1807,0,a7,1
1808,0,a8,1
1809,0,a9,1
1810,0,aa,1
1811,0,ab,1
1812,0,ac,1
1813,0,ad,1
1814,0,ae,1
1815,0,af,1
1816,0,b0,1
1817,0,b1,1
1818,0,b2,1
1819,0,b3,1
1820,0,b4,1
1821,0,b5,1
1822,0,b6,1
1823,0,b7,1
1824,0,b8,1
1825,0,b9,1
1826,0,ba,1
1827,0,bb,1
1828,0,bc,1
1829,0,bd,1
1830,0,be,1
1831,0,bf,1
1832,0,c0,2
1833,0,c1,2
1834,0,c2,2
1835,0,c3,2
1836,0,c4,2
1837,0,c5,2
1838,0,c6,2
1839,0,c7,2
1840,0,c8,2
1841,0,c9,2
1842,0,ca,2
1843,0,cb,2
1844,0,cc,2
1845,0,cd,2
1846,0,ce,2
1847,0,cf,2
1848,0,d0,2
1849,0,d1,2
1850,0,d2,2
1851,0,d3,2
1852,0,d4,2
1853,0,d5,2
1854,0,d6,2
1855,0,d7,2
1856,0,d8,2
1857,0,d9,2
1858,0,da,2
1859,0,db,2
1860,0,dc,2
1861,0,dd,2
1862,0,de,2
1863,0,df,2
1864,0,e0,3
1865,0,e1,3
1866,0,e2,3
1867,0,e3,3
1868,0,e4,3
1869,0,e5,3
1870,0,e6,3
1871,0,e7,3
1872,0,e8,3
1873,0,e9,3
1874,0,ea,3
1875,0,eb,3
1876,0,ec,3
1877,0,ed,3
1878,0,ee,3
1879,0,ef,3
1880,0,f0,3
1881,0,f1,3
1882,0,f2,3
1883,0,f3,3
1884,0,f4,3
1885,0,f5,3
1886,0,f6,3
1887,0,f7,3
1888,0,f8,3
1889,0,f9,3
1890,0,fa,3
1891,0,fb,3
1892,0,fc,3
1893,0,fd,3
1894,0,fe,3
1895,0,ff,3
1896,0,0,0
1897,0,1,0
1898,0,2,0
1899,0,3,0
1900,0,4,0
1901,0,5,0
1902,0,6,0
1903,0,7,0
1904,0,8,0
1905,0,9,0
1906,0,a,0
1907,0,b,0
1908,0,c,0
1909,0,d,0
1910,0,e,0
1911,0,f,0
1912,0,10,0
1913,0,11,0
1914,0,12,0
1915,0,13,0
1916,0,14,0
1917,0,15,0
1918,0,16,0
1919,0,17,0
1920,0,18,0
1921,0,19,0
1922,0,1a,0
1923,0,1b,0
1924,0,1c,0
1925,0,1d,0
1926,0,1e,0
1927,0,1f,0
1928,0,20,1
1929,0,21,1
1930,0,22,1
1931,0,23,1
1932,0,24,1
1933,0,25,1
1934,0,26,1
1935,0,27,1
1936,0,28,1
1937,0,29,1
1938,0,2a,1
1939,0,2b,1
1940,0,2c,1
1941,0,2d,1
1942,0,2e,1
1943,0,2f,1
1944,0,30,1
1945,0,31,1
1946,0,32,1
1947,0,33,1
1948,0,34,1
1949,0,35,1
1950,0,36,1
1951,0,37,1
1952,0,38,1
1953,0,39,1
1954,0,3a,1
1955,0,3b,1
1956,0,3c,1
1957,0,3d,1
1958,0,3e,1
1959,0,3f,1
1960,0,40,2
1961,0,41,2
1962,0,42,2
1963,0,43,2
1964,0,44,2
1965,0,45,2
1966,0,46,2
1967,0,47,2
1968,0,48,2
1969,0,49,2
1970,0,4a,2
1971,0,4b,2
1972,0,4c,2
1973,0,4d,2
1974,0,4e,2
1975,0,4f,2
1976,0,50,2
1977,0,51,2
1978,0,52,2
1979,0,53,2
1980,0,54,2
1981,0,55,2
1982,0,56,2
1983,0,57,2
1984,0,58,2
1985,0,59,2
1986,0,5a,2
1987,0,5b,2
1988,0,5c,2
1989,0,5d,2
1990,0,5e,2
1991,0,5f,2
1992,0,60,3
1993,0,61,3
1994,0,62,3
1995,0,63,3
1996,0,64,3
1997,0,65,3
1998,0,66,3
1999,0,67,3
2000,0,68,3
2001,0,69,3
2002,0,6a,3
2003,0,6b,3
2004,0,6c,3
2005,0,6d,3
2006,0,6e,3
2007,0,6f,3
2008,0,70,3
2009,0,71,3
2010,0,72,3
2011,0,73,3
2012,0,74,3
2013,0,75,3
2014,0,76,3
2015,0,77,3
2016,0,78,3
2017,0,79,3
2018,0,7a,3
2019,0,7b,3
2020,0,7c,3
2021,0,7d,3
2022,0,7e,3
2023,0,7f,3
2024,0,80,0
2025,0,81,0
2026,0,82,0
2027,0,83,0
2028,0,84,0
2029,0,85,0
2030,0,86,0
2031,0,87,0
2032,0,88,0
2033,0,89,0
2034,0,8a,0
2035,0,8b,0
2036,0,8c,0
2037,0,8d,0
2038,0,8e,0
2039,0,8f,0
2040,0,90,0
2041,0,91,0
2042,0,92,0
2043,0,93,0
2044,0,94,0
2045,0,95,0
2046,0,96,0
2047,0,97,0
2048,0,98,0
2049,0,99,0
2050,0,9a,0
2051,0,9b,0
2052,0,9c,0
2053,0,9d,0
2054,0,9e,0
2055,0,9f,0
2056,0,a0,1
2057,0,a1,1
2058,0,a2,1
2059,0,a3,1
2060,0,a4,1
2061,0,a5,1
2062,0,a6,1
2063,0,a7,1
2064,0,a8,1
2065,0,a9,1
2066,0,aa,1
2067,0,ab,1
2068,0,ac,1
2069,0,ad,1
2070,0,ae,1
2071,0,af,1
2072,0,b0,1
2073,0,b1,1
2074,0,b2,1
2075,0,b3,1
2076,0,b4,1
2077,0,b5,1
2078,0,b6,1
2079,0,b7,1
2080,0,b8,1
2081,0,b9,1
2082,0,ba,1
2083,0,bb,1
2084,0,bc,1
2085,0,bd,1
2086,0,be,1
2087,0,bf,1
2088,0,c0,2
2089,0,c1,2
2090,0,c2,2
2091,0,c3,2
2092,0,c4,2
2093,0,c5,2
2094,0,c6,2
2095,0,c7,2
2096,0,c8,2
2097,0,c9,2
2098,0,ca,2
2099,0,cb,2
2100,0,cc,2
2101,0,cd,2
2102,0,ce,2
2103,0,cf,2
2104,0,d0,2
2105,0,d1,2
2106,0,d2,2
2107,0,d3,2
2108,0,d4,2
2109,0,d5,2
2110,0,d6,2
2111,0,d7,2
2112,0,d8,2
2113,0,d9,2
2114,0,da,2
2115,0,db,2
2116,0,dc,2
2117,0,dd,2
2118,0,de,2
2119,0,df,2
2120,0,e0,3
2121,0,e1,3
2122,0,e2,3
2123,0,e3,3
2124,0,e4,3
2125,0,e5,3
2126,0,e6,3
2127,0,e7,3
2128,0,e8,3
2129,0,e9,3
2130,0,ea,3
2131,0,eb,3
2132,0,ec,3
2133,0,ed,3
2134,0,ee,3
2135,0,ef,3
2136,0,f0,3
2137,0,f1,3
2138,0,f2,3
2139,0,f3,3
2140,0,f4,3
2141,0,f5,3
2142,0,f6,3
2143,0,f7,3
2144,0,f8,3
2145,0,f9,3
2146,0,fa,3
2147,0,fb,3
2148,0,fc,3
2149,0,fd,3
2150,0,fe,3
2151,0,ff,3
2152,0,0,0
2153,0,1,0
2154,0,2,0
2155,0,3,0
2156,0,4,0
2157,0,5,0
2158,0,6,0
2159,0,7,0
2160,0,8,0
2161,0,9,0
2162,0,a,0
2163,0,b,0
2164,0,c,0
2165,0,d,0
2166,0,e,0
2167,0,f,0
2168,0,10,0
2169,0,11,0
2170,0,12,0
2171,0,13,0
2172,0,14,0
2173,0,15,0
2174,0,16,0
2175,0,17,0
2176,0,18,0
2177,0,19,0
2178,0,1a,0
2179,0,1b,0
2180,0,1c,0
2181,0,1d,0
2182,0,1e,0
2183,0,1f,0
2184,0,20,1
2185,0,21,1
2186,0,22,1
2187,0,23,1
2188,0,24,1
2189,0,25,1
2190,0,26,1
2191,0,27,1
2192,0,28,1
2193,0,29,1
2194,0,2a,1
2195,0,2b,1
2196,0,2c,1
2197,0,2d,1
2198,0,2e,1
2199,0,2f,1
2200,0,30,1
2201,0,31,1
2202,0,32,1
2203,0,33,1
2204,0,34,1
2205,0,35,1
2206,0,36,1
2207,0,37,1
2208,0,38,1
2209,0,39,1
2210,0,3a,1
2211,0,3b,1
2212,0,3c,1
2213,0,3d,1
2214,0,3e,1
2215,0,3f,1
2216,0,40,2
2217,0,41,2
2218,0,42,2
2219,0,43,2
2220,0,44,2
2221,0,45,2
2222,0,46,2
2223,0,47,2
2224,0,48,2
2225,0,49,2
2226,0,4a,2
2227,0,4b,2
2228,0,4c,2
2229,0,4d,2
2230,0,4e,2
2231,0,4f,2
2232,0,50,2
2233,0,51,2
2234,0,52,2
2235,0,53,2
2236,0,54,2
2237,0,55,2
2238,0,56,2
2239,0,57,2
2240,0,58,2
2241,0,59,2
2242,0,5a,2
2243,0,5b,2
2244,0,5c,2
2245,0,5d,2
2246,0,5e,2
2247,0,5f,2
2248,0,60,3
2249,0,61,3
2250,0,62,3
2251,0,63,3
2252,0,64,3
2253,0,65,3
2254,0,66,3
2255,0,67,3
2256,0,68,3
2257,0,69,3
2258,0,6a,3
2259,0,6b,3
2260,0,6c,3
2261,0,6d,3
2262,0,6e,3
2263,0,6f,3
2264,0,70,3
2265,0,71,3
2266,0,72,3
2267,0,73,3
2268,0,74,3
2269,0,75,3
2270,0,76,3
2271,0,77,3
2272,0,78,3
2273,0,79,3
2274,0,7a,3
2275,0,7b,3
2276,0,7c,3
2277,0,7d,3
2278,0,7e,3
2279,0,7f,3
2280,0,80,0
2281,0,81,0
2282,0,82,0
2283,0,83,0
2284,0,84,0
2285,0,85,0
2286,0,86,0
2287,0,87,0
2288,0,88,0
2289,0,89,0
2290,0,8a,0
2291,0,8b,0
2292,0,8c,0
2293,0,8d,0
2294,0,8e,0
2295,0,8f,0
2296,0,90,0
2297,0,91,0
2298,0,92,0
2299,0,93,0
2300,0,94,0
2301,0,95,0
2302,0,96,0
2303,0,97,0
2304,0,98,0
2305,0,99,0
2306,0,9a,0
2307,0,9b,0
2308,0,9c,0
2309,0,9d,0
2310,0,9e,0
2311,0,9f,0
2312,0,a0,1
2313,0,a1,1
2314,0,a2,1
2315,0,a3,1
2316,0,a4,1
2317,0,a5,1
2318,0,a6,1
2319,0,a7,1
2320,0,a8,1
2321,0,a9,1
2322,0,aa,1
2323,0,ab,1
2324,0,ac,1
2325,0,ad,1
2326,0,ae,1
2327,0,af,1
2328,0,b0,1
2329,0,b1,1
2330,0,b2,1
2331,0,b3,1
2332,0,b4,1
2333,0,b5,1
2334,0,b6,1
2335,0,b7,1
2336,0,b8,1
2337,0,b9,1
2338,0,ba,1
2339,0,bb,1
2340,0,bc,1
2341,0,bd,1
2342,0,be,1
2343,0,bf,1
2344,0,c0,2
2345,0,c1,2
2346,0,c2,2
2347,0,c3,2
2348,0,c4,2
2349,0,c5,2
2350,0,c6,2
2351,0,c7,2
2352,0,c8,2
2353,0,c9,2
2354,0,ca,2
2355,0,cb,2
2356,0,cc,2
2357,0,cd,2
2358,0,ce,2
2359,0,cf,2
2360,0,d0,2
2361,0,d1,2
2362,0,d2,2
2363,0,d3,2
2364,0,d4,2
2365,0,d5,2
2366,0,d6,2
2367,0,d7,2
2368,0,d8,2
2369,0,d9,2
2370,0,da,2
2371,0,db,2
2372,0,dc,2
2373,0,dd,2
2374,0,de,2
2375,0,df,2
2376,0,e0,3
2377,0,e1,3
2378,0,e2,3
2379,0,e3,3
2380,0,e4,3
2381,0,e5,3
2382,0,e6,3
2383,0,e7,3
2384,0,e8,3
2385,0,e9,3
2386,0,ea,3
2387,0,eb,3
2388,0,ec,3
2389,0,ed,3
2390,0,ee,3
2391,0,ef,3
2392,0,f0,3
2393,0,f1,3
2394,0,f2,3
2395,0,f3,3
2396,0,f4,3
2397,0,f5,3
2398,0,f6,3
2399,0,f7,3
2400,0,f8,3
2401,0,f9,3
2402,0,fa,3
2403,0,fb,3
2404,0,fc,3
2405,0,fd,3
2406,0,fe,3
2407,0,ff,3
2408,0,0,0
2409,0,1,0
2410,0,2,0
2411,0,3,0
2412,0,4,0
2413,0,5,0
2414,0,6,0
2415,0,7,0
2416,0,8,0
2417,0,9,0
2418,0,a,0
2419,0,b,0
2420,0,c,0
2421,0,d,0
2422,0,e,0
2423,0,f,0
2424,0,10,0
2425,0,11,0
2426,0,12,0
2427,0,13,0
2428,0,14,0
2429,0,15,0
2430,0,16,0
2431,0,17,0
2432,0,18,0
2433,0,19,0
2434,0,1a,0
2435,0,1b,0
2436,0,1c,0
2437,0,1d,0
2438,0,1e,0
2439,0,1f,0
2440,0,20,1
2441,0,21,1
2442,0,22,1
2443,0,23,1
2444,0,24,1
2445,0,25,1
2446,0,26,1
2447,0,27,1
2448,0,28,1
2449,0,29,1
2450,0,2a,1
2451,0,2b,1
2452,0,2c,1
2453,0,2d,1
2454,0,2e,1
2455,0,2f,1
2456,0,30,1
2457,0,31,1
2458,0,32,1
2459,0,33,1
2460,0,34,1
2461,0,35,1
2462,0,36,1
2463,0,37,1
2464,0,38,1
2465,0,39,1
2466,0,3a,1
2467,0,3b,1
2468,0,3c,1
2469,0,3d,1
2470,0,3e,1
2471,0,3f,1
2472,0,40,2
2473,0,41,2
2474,0,42,2
2475,0,43,2
2476,0,44,2
2477,0,45,2
2478,0,46,2
2479,0,47,2
2480,0,48,2
2481,0,49,2
2482,0,4a,2
2483,0,4b,2
2484,0,4c,2
2485,0,4d,2
2486,0,4e,2
2487,0,4f,2
2488,0,50,2
2489,0,51,2
2490,0,52,2
2491,0,53,2
2492,0,54,2
2493,0,55,2
2494,0,56,2
2495,0,57,2
2496,0,58,2
2497,0,59,2
2498,0,5a,2
2499,0,5b,2
2500,0,5c,2
2501,0,5d,2
2502,0,5e,2
2503,0,5f,2
2504,0,60,3
2505,0,61,3
2506,0,62,3
2507,0,63,3
2508,0,64,3
2509,0,65,3
2510,0,66,3
2511,0,67,3
2512,0,68,3
2513,0,69,3
2514,0,6a,3
2515,0,6b,3
2516,0,6c,3
2517,0,6d,3
2518,0,6e,3
2519,0,6f,3
2520,0,70,3
2521,0,71,3
2522,0,72,3
2523,0,73,3
2524,0,74,3
2525,0,75,3
2526,0,76,3
2527,0,77,3
2528,0,78,3
2529,0,79,3
2530,0,7a,3
2531,0,7b,3
2532,0,7c,3
2533,0,7d,3
2534,0,7e,3
2535,0,7f,3
2536,0,80,0
2537,0,81,0
2538,0,82,0
2539,0,83,0
2540,0,84,0
2541,0,85,0
2542,0,86,0
2543,0,87,0
2544,0,88,0
2545,0,89,0
2546,0,8a,0
2547,0,8b,0
2548,0,8c,0
2549,0,8d,0
2550,0,8e,0
2551,0,8f,0
2552,0,90,0
2553,0,91,0
2554,0,92,0
2555,0,93,0
2556,0,94,0
2557,0,95,0
2558,0,96,0
2559,0,97,0
2560,0,98,0
2561,0,99,0
2562,0,9a,0
2563,0,9b,0
2564,0,9c,0
2565,0,9d,0
2566,0,9e,0
2567,0,9f,0
2568,0,a0,1
2569,0,a1,1
2570,0,a2,1
2571,0,a3,1
2572,0,a4,1
2573,0,a5,1
2574,0,a6,1
2575,0,a7,1
2576,0,a8,1
2577,0,a9,1
2578,0,aa,1
2579,0,ab,1
2580,0,ac,1
2581,0,ad,1
2582,0,ae,1
2583,0,af,1
2584,0,b0,1
2585,0,b1,1
2586,0,b2,1
2587,0,b3,1
2588,0,b4,1
2589,0,b5,1
2590,0,b6,1
2591,0,b7,1
2592,0,b8,1
2593,0,b9,1
2594,0,ba,1
2595,0,bb,1
2596,0,bc,1
2597,0,bd,1
2598,0,be,1
2599,0,bf,1
2600,0,c0,2
2601,0,c1,2
2602,0,c2,2
2603,0,c3,2
2604,0,c4,2
2605,0,c5,2
2606,0,c6,2
2607,0,c7,2
2608,0,c8,2
2609,0,c9,2
2610,0,ca,2
2611,0,cb,2
2612,0,cc,2
2613,0,cd,2
2614,0,ce,2
2615,0,cf,2
2616,0,d0,2
2617,0,d1,2
2618,0,d2,2
2619,0,d3,2
2620,0,d4,2
2621,0,d5,2
2622,0,d6,2
2623,0,d7,2
2624,0,d8,2
2625,0,d9,2
2626,0,da,2
2627,0,db,2
2628,0,dc,2
2629,0,dd,2
2630,0,de,2
2631,0,df,2
2632,0,e0,3
2633,0,e1,3
2634,0,e2,3
2635,0,e3,3
2636,0,e4,3
2637,0,e5,3
2638,0,e6,3
2639,0,e7,3
2640,0,e8,3
2641,0,e9,3
2642,0,ea,3
2643,0,eb,3
2644,0,ec,3
2645,0,ed,3
2646,0,ee,3
2647,0,ef,3
2648,0,f0,3
2649,0,f1,3
2650,0,f2,3
2651,0,f3,3
2652,0,f4,3
2653,0,f5,3
2654,0,f6,3
2655,0,f7,3
2656,0,f8,3
2657,0,f9,3
2658,0,fa,3
2659,0,fb,3
2660,0,fc,3
2661,0,fd,3
2662,0,fe,3
2663,0,ff,3
2664,0,0,0
2665,0,1,0
2666,0,2,0
2667,0,3,0
2668,0,4,0
2669,0,5,0
2670,0,6,0
2671,0,7,0
2672,0,8,0
2673,0,9,0
2674,0,a,0
2675,0,b,0
2676,0,c,0
2677,0,d,0
2678,0,e,0
2679,0,f,0
2680,0,10,0
2681,0,11,0
2682,0,12,0
2683,0,13,0
2684,0,14,0
2685,0,15,0
2686,0,16,0
2687,0,17,0
2688,0,18,0
2689,0,19,0
2690,0,1a,0
2691,0,1b,0
2692,0,1c,0
2693,0,1d,0
2694,0,1e,0
2695,0,1f,0
2696,0,20,1
2697,0,21,1
2698,0,22,1
2699,0,23,1
2700,0,24,1
2701,0,25,1
2702,0,26,1
2703,0,27,1
2704,0,28,1
2705,0,29,1
2706,0,2a,1
2707,0,2b,1
2708,0,2c,1
2709,0,2d,1
2710,0,2e,1
2711,0,2f,1
2712,0,30,1
2713,0,31,1
2714,0,32,1
2715,0,33,1
2716,0,34,1
2717,0,35,1
2718,0,36,1
2719,0,37,1
2720,0,38,1
2721,0,39,1
2722,0,3a,1
2723,0,3b,1
2724,0,3c,1
2725,0,3d,1
2726,0,3e,1
2727,0,3f,1
2728,0,40,2
2729,0,41,2
2730,0,42,2
2731,0,43,2
2732,0,44,2
2733,0,45,2
2734,0,46,2
2735,0,47,2
2736,0,48,2
2737,0,49,2
2738,0,4a,2
2739,0,4b,2
2740,0,4c,2
2741,0,4d,2
2742,0,4e,2
2743,0,4f,2
2744,0,50,2
2745,0,51,2
2746,0,52,2
2747,0,53,2
2748,0,54,2
2749,0,55,2
2750,0,56,2
2751,0,57,2
2752,0,58,2
2753,0,59,2
2754,0,5a,2
2755,0,5b,2
2756,0,5c,2
2757,0,5d,2
2758,0,5e,2
2759,0,5f,2
2760,0,60,3
2761,0,61,3
2762,0,62,3
2763,0,63,3
2764,0,64,3
2765,0,65,3
2766,0,66,3
2767,0,67,3
2768,0,68,3
2769,0,69,3
2770,0,6a,3
2771,0,6b,3
2772,0,6c,3
2773,0,6d,3
2774,0,6e,3
2775,0,6f,3
2776,0,70,3
2777,0,71,3
2778,0,72,3
2779,0,73,3
2780,0,74,3
2781,0,75,3
2782,0,76,3
2783,0,77,3
2784,0,78,3
2785,0,79,3
2786,0,7a,3
2787,0,7b,3
2788,0,7c,3
2789,0,7d,3
2790,0,7e,3
2791,0,7f,3
2792,0,80,0
2793,0,81,0
2794,0,82,0
2795,0,83,0
2796,0,84,0
2797,0,85,0
2798,0,86,0
2799,0,87,0
2800,0,88,0
2801,0,89,0
2802,0,8a,0
2803,0,8b,0
2804,0,8c,0
2805,0,8d,0
2806,0,8e,0
2807,0,8f,0
2808,0,90,0
2809,0,91,0
2810,0,92,0
2811,0,93,0
2812,0,94,0
2813,0,95,0
2814,0,96,0
2815,0,97,0
2816,0,98,0
2817,0,99,0
2818,0,9a,0
2819,0,9b,0
2820,0,9c,0
2821,0,9d,0
2822,0,9e,0
2823,0,9f,0
2824,0,a0,1
2825,0,a1,1
2826,0,a2,1
2827,0,a3,1
2828,0,a4,1
2829,0,a5,1
2830,0,a6,1
2831,0,a7,1
2832,0,a8,1
2833,0,a9,1
2834,0,aa,1
2835,0,ab,1
2836,0,ac,1
2837,0,ad,1
2838,0,ae,1
2839,0,af,1
2840,0,b0,1
2841,0,b1,1
2842,0,b2,1
2843,0,b3,1
2844,0,b4,1
2845,0,b5,1
2846,0,b6,1
2847,0,b7,1
2848,0,b8,1
2849,0,b9,1
2850,0,ba,1
2851,0,bb,1
2852,0,bc,1
2853,0,bd,1
2854,0,be,1
2855,0,bf,1
2856,0,c0,2
2857,0,c1,2
2858,0,c2,2
2859,0,c3,2
2860,0,c4,2
2861,0,c5,2
2862,0,c6,2
2863,0,c7,2
2864,0,c8,2
2865,0,c9,2
2866,0,ca,2
2867,0,cb,2
2868,0,cc,2
2869,0,cd,2
2870,0,ce,2
2871,0,cf,2
2872,0,d0,2
2873,0,d1,2
2874,0,d2,2
2875,0,d3,2
2876,0,d4,2
2877,0,d5,2
2878,0,d6,2
2879,0,d7,2
2880,0,d8,2
2881,0,d9,2
2882,0,da,2
2883,0,db,2
2884,0,dc,2
2885,0,dd,2
2886,0,de,2
2887,0,df,2
2888,0,e0,3
2889,0,e1,3
2890,0,e2,3
2891,0,e3,3
2892,0,e4,3
2893,0,e5,3
2894,0,e6,3
2895,0,e7,3
2896,0,e8,3
2897,0,e9,3
2898,0,ea,3
2899,0,eb,3
2900,0,ec,3
2901,0,ed,3
2902,0,ee,3
2903,0,ef,3
2904,0,f0,3
2905,0,f1,3
2906,0,f2,3
2907,0,f3,3
2908,0,f4,3
2909,0,f5,3
2910,0,f6,3
2911,0,f7,3
2912,0,f8,3
2913,0,f9,3
2914,0,fa,3
2915,0,fb,3
2916,0,fc,3
2917,0,fd,3
2918,0,fe,3
2919,0,ff,3
2920,0,0,0
2921,0,1,0
2922,0,2,0
2923,0,3,0
2924,0,4,0
2925,0,5,0
2926,0,6,0
2927,0,7,0
2928,0,8,0
2929,0,9,0
2930,0,a,0
2931,0,b,0
2932,0,c,0
2933,0,d,0
2934,0,e,0
2935,0,f,0
2936,0,10,0
2937,0,11,0
2938,0,12,0
2939,0,13,0
2940,0,14,0
2941,0,15,0
2942,0,16,0
2943,0,17,0
2944,0,18,0
2945,0,19,0
2946,0,1a,0
2947,0,1b,0
2948,0,1c,0
2949,0,1d,0
2950,0,1e,0
2951,0,1f,0
2952,0,20,1
2953,0,21,1
2954,0,22,1
2955,0,23,1
2956,0,24,1
2957,0,25,1
2958,0,26,1
2959,0,27,1
2960,0,28,1
2961,0,29,1
2962,0,2a,1
2963,0,2b,1
2964,0,2c,1
2965,0,2d,1
2966,0,2e,1
2967,0,2f,1
2968,0,30,1
2969,0,31,1
2970,0,32,1
2971,0,33,1
2972,0,34,1
2973,0,35,1
2974,0,36,1
2975,0,37,1
2976,0,38,1
2977,0,39,1
2978,0,3a,1
2979,0,3b,1
2980,0,3c,1
2981,0,3d,1
2982,0,3e,1
2983,0,3f,1
2984,0,40,2
2985,0,41,2
2986,0,42,2
2987,0,43,2
2988,0,44,2
2989,0,45,2
2990,0,46,2
2991,0,47,2
2992,0,48,2
2993,0,49,2
2994,0,4a,2
2995,0,4b,2
2996,0,4c,2
2997,0,4d,2
2998,0,4e,2
2999,0,4f,2
3000,0,50,2
3001,0,51,2
3002,0,52,2
3003,0,53,2
3004,0,54,2
3005,0,55,2
3006,0,56,2
3007,0,57,2
3008,0,58,2
3009,0,59,2
3010,0,5a,2
3011,0,5b,2
3012,0,5c,2
3013,0,5d,2
3014,0,5e,2
3015,0,5f,2
3016,0,60,3
3017,0,61,3
3018,0,62,3
3019,0,63,3
3020,0,64,3
3021,0,65,3
3022,0,66,3
3023,0,67,3
3024,0,68,3
3025,0,69,3
3026,0,6a,3
3027,0,6b,3
3028,0,6c,3
3029,0,6d,3
3030,0,6e,3
3031,0,6f,3
3032,0,70,3
3033,0,71,3
3034,0,72,3
3035,0,73,3
3036,0,74,3
3037,0,75,3
3038,0,76,3
3039,0,77,3
3040,0,78,3
3041,0,79,3
3042,0,7a,3
3043,0,7b,3
3044,0,7c,3
3045,0,7d,3
3046,0,7e,3
3047,0,7f,3
3048,0,80,0
3049,0,81,0
3050,0,82,0
3051,0,83,0
3052,0,84,0
3053,0,85,0
3054,0,86,0
3055,0,87,0
3056,0,88,0
3057,0,89,0
3058,0,8a,0
3059,0,8b,0
3060,0,8c,0
3061,0,8d,0
3062,0,8e,0
3063,0,8f,0
3064,0,90,0
3065,0,91,0
3066,0,92,0
3067,0,93,0
3068,0,94,0
3069,0,95,0
3070,0,96,0
3071,0,97,0
3072,0,98,0
3073,0,99,0
3074,0,9a,0
3075,0,9b,0
3076,0,9c,0
3077,0,9d,0
3078,0,9e,0
3079,0,9f,0
3080,0,a0,1
3081,0,a1,1
3082,0,a2,1
3083,0,a3,1
3084,0,a4,1
3085,0,a5,1
3086,0,a6,1
3087,0,a7,1
3088,0,a8,1
3089,0,a9,1
3090,0,aa,1
3091,0,ab,1
3092,0,ac,1
3093,0,ad,1
3094,0,ae,1
3095,0,af,1
3096,0,b0,1
3097,0,b1,1
3098,0,b2,1
3099,0,b3,1
3100,0,b4,1
3101,0,b5,1
3102,0,b6,1
3103,0,b7,1
3104,0,b8,1
3105,0,b9,1
3106,0,ba,1
3107,0,bb,1
3108,0,bc,1
3109,0,bd,1
3110,0,be,1
3111,0,bf,1
3112,0,c0,2
3113,0,c1,2
3114,0,c2,2
3115,0,c3,2
3116,0,c4,2
3117,0,c5,2
3118,0,c6,2
3119,0,c7,2
3120,0,c8,2
3121,0,c9,2
3122,0,ca,2
3123,0,cb,2
3124,0,cc,2
3125,0,cd,2
3126,0,ce,2
3127,0,cf,2
3128,0,d0,2
3129,0,d1,2
3130,0,d2,2
3131,0,d3,2
3132,0,d4,2
3133,0,d5,2
3134,0,d6,2
3135,0,d7,2
3136,0,d8,2
3137,0,d9,2
3138,0,da,2
3139,0,db,2
3140,0,dc,2
3141,0,dd,2
3142,0,de,2
3143,0,df,2
3144,0,e0,3
3145,0,e1,3
3146,0,e2,3
3147,0,e3,3
3148,0,e4,3
3149,0,e5,3
3150,0,e6,3
3151,0,e7,3
3152,0,e8,3
3153,0,e9,3
3154,0,ea,3
3155,0,eb,3
3156,0,ec,3
3157,0,ed,3
3158,0,ee,3
3159,0,ef,3
3160,0,f0,3
3161,0,f1,3
3162,0,f2,3
3163,0,f3,3
3164,0,f4,3
3165,0,f5,3
3166,0,f6,3
3167,0,f7,3
3168,0,f8,3
3169,0,f9,3
3170,0,fa,3
3171,0,fb,3
3172,0,fc,3
3173,0,fd,3
3174,0,fe,3
3175,0,ff,3
3176,0,0,0
3177,0,1,0
3178,0,2,0
3179,0,3,0
3180,0,4,0
3181,0,5,0
3182,0,6,0
3183,0,7,0
3184,0,8,0
3185,0,9,0
3186,0,a,0
3187,0,b,0
3188,0,c,0
3189,0,d,0
3190,0,e,0
3191,0,f,0
3192,0,10,0
3193,0,11,0
3194,0,12,0
3195,0,13,0
3196,0,14,0
3197,0,15,0
3198,0,16,0
3199,0,17,0
3200,0,18,0
3201,0,19,0
3202,0,1a,0
3203,0,1b,0
3204,0,1c,0
3205,0,1d,0
3206,0,1e,0
3207,0,1f,0
3208,0,20,1
3209,0,21,1
3210,0,22,1
3211,0,23,1
3212,0,24,1
3213,0,25,1
3214,0,26,1
3215,0,27,1
3216,0,28,1
3217,0,29,1
3218,0,2a,1
3219,0,2b,1
3220,0,2c,1
3221,0,2d,1
3222,0,2e,1
3223,0,2f,1
3224,0,30,1
3225,0,31,1
3226,0,32,1
3227,0,33,1
3228,0,34,1
3229,0,35,1
3230,0,36,1
3231,0,37,1
3232,0,38,1
3233,0,39,1
3234,0,3a,1
3235,0,3b,1
3236,0,3c,1
3237,0,3d,1
3238,0,3e,1
3239,0,3f,1
3240,0,40,2
3241,0,41,2
3242,0,42,2
3243,0,43,2
3244,0,44,2
3245,0,45,2
3246,0,46,2
3247,0,47,2
3248,0,48,2
3249,0,49,2
3250,0,4a,2
3251,0,4b,2
3252,0,4c,2
3253,0,4d,2
3254,0,4e,2
3255,0,4f,2
3256,0,50,2
3257,0,51,2
3258,0,52,2
3259,0,53,2
3260,0,54,2
3261,0,55,2
3262,0,56,2
3263,0,57,2
3264,0,58,2
3265,0,59,2
3266,0,5a,2
3267,0,5b,2
3268,0,5c,2
3269,0,5d,2
3270,0,5e,2
3271,0,5f,2
3272,0,60,3
3273,0,61,3
3274,0,62,3
3275,0,63,3
3276,0,64,3
3277,0,65,3
3278,0,66,3
3279,0,67,3
3280,0,68,3
3281,0,69,3
3282,0,6a,3
3283,0,6b,3
3284,0,6c,3
3285,0,6d,3
3286,0,6e,3
3287,0,6f,3
3288,0,70,3
3289,0,71,3
3290,0,72,3
3291,0,73,3
3292,0,74,3
3293,0,75,3
3294,0,76,3
3295,0,77,3
3296,0,78,3
3297,0,79,3
3298,0,7a,3
3299,0,7b,3
3300,0,7c,3
3301,0,7d,3
3302,0,7e,3
3303,0,7f,3
3304,0,80,0
3305,0,81,0
3306,0,82,0
3307,0,83,0
3308,0,84,0
3309,0,85,0
3310,0,86,0
3311,0,87,0
3312,0,88,0
3313,0,89,0
3314,0,8a,0
3315,0,8b,0
3316,0,8c,0
3317,0,8d,0
3318,0,8e,0
3319,0,8f,0
3320,0,90,0
3321,0,91,0
3322,0,92,0
3323,0,93,0
3324,0,94,0
3325,0,95,0
3326,0,96,0
3327,0,97,0
3328,0,98,0
3329,0,99,0
3330,0,9a,0
3331,0,9b,0
3332,0,9c,0
3333,0,9d,0
3334,0,9e,0
3335,0,9f,0
3336,0,a0,1
3337,0,a1,1
3338,0,a2,1
3339,0,a3,1
3340,0,a4,1
3341,0,a5,1
3342,0,a6,1
3343,0,a7,1
3344,0,a8,1
3345,0,a9,1
3346,0,aa,1
3347,0,ab,1
3348,0,ac,1
3349,0,ad,1
3350,0,ae,1
3351,0,af,1
3352,0,b0,1
3353,0,b1,1
3354,0,b2,1
3355,0,b3,1
3356,0,b4,1
3357,0,b5,1
3358,0,b6,1
3359,0,b7,1
3360,0,b8,1
3361,0,b9,1
3362,0,ba,1
3363,0,bb,1
3364,0,bc,1
3365,0,bd,1
3366,0,be,1
3367,0,bf,1
3368,0,c0,2
3369,0,c1,2
3370,0,c2,2
3371,0,c3,2
3372,0,c4,2
3373,0,c5,2
3374,0,c6,2
3375,0,c7,2
3376,0,c8,2
3377,0,c9,2
3378,0,ca,2
3379,0,cb,2
3380,0,cc,2
3381,0,cd,2
3382,0,ce,2
3383,0,cf,2
3384,0,d0,2
3385,0,d1,2
3386,0,d2,2
3387,0,d3,2
3388,0,d4,2
3389,0,d5,2
3390,0,d6,2
3391,0,d7,2
3392,0,d8,2
3393,0,d9,2
3394,0,da,2
3395,0,db,2
3396,0,dc,2
3397,0,dd,2
3398,0,de,2
3399,0,df,2
3400,0,e0,3
3401,0,e1,3
3402,0,e2,3
3403,0,e3,3
3404,0,e4,3
3405,0,e5,3
3406,0,e6,3
3407,0,e7,3
3408,0,e8,3
3409,0,e9,3
3410,0,ea,3
3411,0,eb,3
3412,0,ec,3
3413,0,ed,3
3414,0,ee,3
3415,0,ef,3
3416,0,f0,3
3417,0,f1,3
3418,0,f2,3
3419,0,f3,3
3420,0,f4,3
3421,0,f5,3
3422,0,f6,3
3423,0,f7,3
3424,0,f8,3
3425,0,f9,3
3426,0,fa,3
3427,0,fb,3
3428,0,fc,3
3429,0,fd,3
3430,0,fe,3
3431,0,ff,3
3432,0,0,0
3433,0,1,0
3434,0,2,0
3435,0,3,0
3436,0,4,0
3437,0,5,0
3438,0,6,0
3439,0,7,0
3440,0,8,0
3441,0,9,0
3442,0,a,0
3443,0,b,0
3444,0,c,0
3445,0,d,0
3446,0,e,0
3447,0,f,0
3448,0,10,0
3449,0,11,0
3450,0,12,0
3451,0,13,0
3452,0,14,0
3453,0,15,0
3454,0,16,0
3455,0,17,0
3456,0,18,0
3457,0,19,0
3458,0,1a,0
3459,0,1b,0
3460,0,1c,0
3461,0,1d,0
3462,0,1e,0
3463,0,1f,0
3464,0,20,1
3465,0,21,1
3466,0,22,1
3467,0,23,1
3468,0,24,1
3469,0,25,1
3470,0,26,1
3471,0,27,1
3472,0,28,1
3473,0,29,1
3474,0,2a,1
3475,0,2b,1
3476,0,2c,1
3477,0,2d,1
3478,0,2e,1
3479,0,2f,1
3480,0,30,1
3481,0,31,1
3482,0,32,1
3483,0,33,1
3484,0,34,1
3485,0,35,1
3486,0,36,1
3487,0,37,1
3488,0,38,1
3489,0,39,1
3490,0,3a,1
3491,0,3b,1
3492,0,3c,1
3493,0,3d,1
3494,0,3e,1
3495,0,3f,1
3496,0,40,2
3497,0,41,2
3498,0,42,2
3499,0,43,2
3500,0,44,2
3501,0,45,2
3502,0,46,2
3503,0,47,2
3504,0,48,2
3505,0,49,2
3506,0,4a,2
3507,0,4b,2
3508,0,4c,2
3509,0,4d,2
3510,0,4e,2
3511,0,4f,2
3512,0,50,2
3513,0,51,2
3514,0,52,2
3515,0,53,2
3516,0,54,2
3517,0,55,2
3518,0,56,2
3519,0,57,2
3520,0,58,2
3521,0,59,2
3522,0,5a,2
3523,0,5b,2
3524,0,5c,2
3525,0,5d,2
3526,0,5e,2
3527,0,5f,2
3528,0,60,3
3529,0,61,3
3530,0,62,3
3531,0,63,3
3532,0,64,3
3533,0,65,3
3534,0,66,3
3535,0,67,3
3536,0,68,3
3537,0,69,3
3538,0,6a,3
3539,0,6b,3
3540,0,6c,3
3541,0,6d,3
3542,0,6e,3
3543,0,6f,3
3544,0,70,3
3545,0,71,3
3546,0,72,3
3547,0,73,3
3548,0,74,3
3549,0,75,3
3550,0,76,3
3551,0,77,3
3552,0,78,3
3553,0,79,3
3554,0,7a,3
3555,0,7b,3
3556,0,7c,3
3557,0,7d,3
3558,0,7e,3
3559,0,7f,3
3560,0,80,0
3561,0,81,0
3562,0,82,0
3563,0,83,0
3564,0,84,0
3565,0,85,0
3566,0,86,0
3567,0,87,0
3568,0,88,0
3569,0,89,0
3570,0,8a,0
3571,0,8b,0
3572,0,8c,0
3573,0,8d,0
3574,0,8e,0
3575,0,8f,0
3576,0,90,0
3577,0,91,0
3578,0,92,0
3579,0,93,0
3580,0,94,0
3581,0,95,0
3582,0,96,0
3583,0,97,0
3584,0,98,0
3585,0,99,0
3586,0,9a,0
3587,0,9b,0
3588,0,9c,0
3589,0,9d,0
3590,0,9e,0
3591,0,9f,0
3592,0,a0,1
3593,0,a1,1
3594,0,a2,1
3595,0,a3,1
3596,0,a4,1
3597,0,a5,1
3598,0,a6,1
3599,0,a7,1
3600,0,a8,1
3601,0,a9,1
3602,0,aa,1
3603,0,ab,1
3604,0,ac,1
3605,0,ad,1
3606,0,ae,1
3607,0,af,1
3608,0,b0,1
3609,0,b1,1
3610,0,b2,1
3611,0,b3,1
3612,0,b4,1
3613,0,b5,1
3614,0,b6,1
3615,0,b7,1
3616,0,b8,1
3617,0,b9,1
3618,0,ba,1
3619,0,bb,1
3620,0,bc,1
3621,0,bd,1
3622,0,be,1
3623,0,bf,1
3624,0,c0,2
3625,0,c1,2
3626,0,c2,2
3627,0,c3,2
3628,0,c4,2
3629,0,c5,2
3630,0,c6,2
3631,0,c7,2
3632,0,c8,2
3633,0,c9,2
3634,0,ca,2
3635,0,cb,2
3636,0,cc,2
3637,0,cd,2
3638,0,ce,2
3639,0,cf,2
3640,0,d0,2
3641,0,d1,2
3642,0,d2,2
3643,0,d3,2
3644,0,d4,2
3645,0,d5,2
3646,0,d6,2
3647,0,d7,2
3648,0,d8,2
3649,0,d9,2
3650,0,da,2
3651,0,db,2
3652,0,dc,2
3653,0,dd,2
3654,0,de,2
3655,0,df,2
3656,0,e0,3
3657,0,e1,3
3658,0,e2,3
3659,0,e3,3
3660,0,e4,3
3661,0,e5,3
3662,0,e6,3
3663,0,e7,3
3664,0,e8,3
3665,0,e9,3
3666,0,ea,3
3667,0,eb,3
3668,0,ec,3
3669,0,ed,3
3670,0,ee,3
3671,0,ef,3
3672,0,f0,3
3673,0,f1,3
3674,0,f2,3
3675,0,f3,3
3676,0,f4,3
3677,0,f5,3
3678,0,f6,3
3679,0,f7,3
3680,0,f8,3
3681,0,f9,3
3682,0,fa,3
3683,0,fb,3
3684,0,fc,3
3685,0,fd,3
3686,0,fe,3
3687,0,ff,3
3688,0,0,0
3689,0,1,0
3690,0,2,0
3691,0,3,0
3692,0,4,0
3693,0,5,0
3694,0,6,0
3695,0,7,0
3696,0,8,0
3697,0,9,0
3698,0,a,0
3699,0,b,0
3700,0,c,0
3701,0,d,0
3702,0,e,0
3703,0,f,0
3704,0,10,0
3705,0,11,0
3706,0,12,0
3707,0,13,0
3708,0,14,0
3709,0,15,0
3710,0,16,0
3711,0,17,0
3712,0,18,0
3713,0,19,0
3714,0,1a,0
3715,0,1b,0
3716,0,1c,0
3717,0,1d,0
3718,0,1e,0
3719,0,1f,0
3720,0,20,1
3721,0,21,1
3722,0,22,1
3723,0,23,1
3724,0,24,1
3725,0,25,1
3726,0,26,1
3727,0,27,1
3728,0,28,1
3729,0,29,1
3730,0,2a,1
3731,0,2b,1
3732,0,2c,1
3733,0,2d,1
3734,0,2e,1
3735,0,2f,1
3736,0,30,1
3737,0,31,1
3738,0,32,1
3739,0,33,1
3740,0,34,1
3741,0,35,1
3742,0,36,1
3743,0,37,1
3744,0,38,1
3745,0,39,1
3746,0,3a,1
3747,0,3b,1
3748,0,3c,1
3749,0,3d,1
3750,0,3e,1
3751,0,3f,1
3752,0,40,2
3753,0,41,2
3754,0,42,2
3755,0,43,2
3756,0,44,2
3757,0,45,2
3758,0,46,2
3759,0,47,2
3760,0,48,2
3761,0,49,2
3762,0,4a,2
3763,0,4b,2
3764,0,4c,2
3765,0,4d,2
3766,0,4e,2
3767,0,4f,2
3768,0,50,2
3769,0,51,2
3770,0,52,2
3771,0,53,2
3772,0,54,2
3773,0,55,2
3774,0,56,2
3775,0,57,2
3776,0,58,2
3777,0,59,2
3778,0,5a,2
3779,0,5b,2
3780,0,5c,2
3781,0,5d,2
3782,0,5e,2
3783,0,5f,2
3784,0,60,3
3785,0,61,3
3786,0,62,3
3787,0,63,3
3788,0,64,3
3789,0,65,3
3790,0,66,3
3791,0,67,3
3792,0,68,3
3793,0,69,3
3794,0,6a,3
3795,0,6b,3
3796,0,6c,3
3797,0,6d,3
3798,0,6e,3
3799,0,6f,3
3800,0,70,3
3801,0,71,3
3802,0,72,3
3803,0,73,3
3804,0,74,3
3805,0,75,3
3806,0,76,3
3807,0,77,3
3808,0,78,3
3809,0,79,3
3810,0,7a,3
3811,0,7b,3
3812,0,7c,3
3813,0,7d,3
3814,0,7e,3
3815,0,7f,3
3816,0,80,0
3817,0,81,0
3818,0,82,0
3819,0,83,0
3820,0,84,0
3821,0,85,0
3822,0,86,0
3823,0,87,0
3824,0,88,0
3825,0,89,0
3826,0,8a,0
3827,0,8b,0
3828,0,8c,0
3829,0,8d,0
3830,0,8e,0
3831,0,8f,0
3832,0,90,0
3833,0,91,0
3834,0,92,0
3835,0,93,0
3836,0,94,0
3837,0,95,0
3838,0,96,0
3839,0,97,0
3840,0,98,0
3841,0,99,0
3842,0,9a,0
3843,0,9b,0
3844,0,9c,0
3845,0,9d,0
3846,0,9e,0
3847,0,9f,0
3848,0,a0,1
3849,0,a1,1
3850,0,a2,1
3851,0,a3,1
3852,0,a4,1
3853,0,a5,1
3854,0,a6,1
3855,0,a7,1
3856,0,a8,1
3857,0,a9,1
3858,0,aa,1
3859,0,ab,1
3860,0,ac,1
3861,0,ad,1
3862,0,ae,1
3863,0,af,1
3864,0,b0,1
3865,0,b1,1
3866,0,b2,1
3867,0,b3,1
3868,0,b4,1
3869,0,b5,1
3870,0,b6,1
3871,0,b7,1
3872,0,b8,1
3873,0,b9,1
3874,0,ba,1
3875,0,bb,1
3876,0,bc,1
3877,0,bd,1
3878,0,be,1
3879,0,bf,1
3880,0,c0,2
3881,0,c1,2
3882,0,c2,2
3883,0,c3,2
3884,0,c4,2
3885,0,c5,2
3886,0,c6,2
3887,0,c7,2
3888,0,c8,2
3889,0,c9,2
3890,0,ca,2
3891,0,cb,2
3892,0,cc,2
3893,0,cd,2
3894,0,ce,2
3895,0,cf,2
3896,0,d0,2
3897,0,d1,2
3898,0,d2,2
3899,0,d3,2
3900,0,d4,2
3901,0,d5,2
3902,0,d6,2
3903,0,d7,2
3904,0,d8,2
3905,0,d9,2
3906,0,da,2
3907,0,db,2
3908,0,dc,2
3909,0,dd,2
3910,0,de,2
3911,0,df,2
3912,0,e0,3
3913,0,e1,3
3914,0,e2,3
3915,0,e3,3
3916,0,e4,3
3917,0,e5,3
3918,0,e6,3
3919,0,e7,3
3920,0,e8,3
3921,0,e9,3
3922,0,ea,3
3923,0,eb,3
3924,0,ec,3
3925,0,ed,3
3926,0,ee,3
3927,0,ef,3
3928,0,f0,3
3929,0,f1,3
3930,0,f2,3
3931,0,f3,3
3932,0,f4,3
3933,0,f5,3
3934,0,f6,3
3935,0,f7,3
3936,0,f8,3
3937,0,f9,3
3938,0,fa,3
3939,0,fb,3
3940,0,fc,3
3941,0,fd,3
3942,0,fe,3
3943,0,ff,3
3944,0,0,0
3945,0,1,0
3946,0,2,0
3947,0,3,0
3948,0,4,0
3949,0,5,0
3950,0,6,0
3951,0,7,0
3952,0,8,0
3953,0,9,0
3954,0,a,0
3955,0,b,0
3956,0,c,0
3957,0,d,0
3958,0,e,0
3959,0,f,0
3960,0,10,0
3961,0,11,0
3962,0,12,0
3963,0,13,0
3964,0,14,0
3965,0,15,0
3966,0,16,0
3967,0,17,0
3968,0,18,0
3969,0,19,0
3970,0,1a,0
3971,0,1b,0
3972,0,1c,0
3973,0,1d,0
3974,0,1e,0
3975,0,1f,0
3976,0,20,1
3977,0,21,1
3978,0,22,1
3979,0,23,1
3980,0,24,1
3981,0,25,1
3982,0,26,1
3983,0,27,1
3984,0,28,1
3985,0,29,1
3986,0,2a,1
3987,0,2b,1
3988,0,2c,1
3989,0,2d,1
3990,0,2e,1
3991,0,2f,1
3992,0,30,1
3993,0,31,1
3994,0,32,1
3995,0,33,1
3996,0,34,1
3997,0,35,1
3998,0,36,1
3999,0,37,1
4000,0,38,1
4001,0,39,1
4002,0,3a,1
4003,0,3b,1
4004,0,3c,1
4005,0,3d,1
4006,0,3e,1
4007,0,3f,1
4008,0,40,2
4009,0,41,2
4010,0,42,2
4011,0,43,2
4012,0,44,2
4013,0,45,2
4014,0,46,2
4015,0,47,2
4016,0,48,2
4017,0,49,2
4018,0,4a,2
4019,0,4b,2
4020,0,4c,2
4021,0,4d,2
4022,0,4e,2
4023,0,4f,2
4024,0,50,2
4025,0,51,2
4026,0,52,2
4027,0,53,2
4028,0,54,2
4029,0,55,2
4030,0,56,2
4031,0,57,2
4032,0,58,2
4033,0,59,2
4034,0,5a,2
4035,0,5b,2
4036,0,5c,2
4037,0,5d,2
4038,0,5e,2
4039,0,5f,2
4040,0,60,3
4041,0,61,3
4042,0,62,3
4043,0,63,3
4044,0,64,3
4045,0,65,3
4046,0,66,3
4047,0,67,3
4048,0,68,3
4049,0,69,3
4050,0,6a,3
4051,0,6b,3
4052,0,6c,3
4053,0,6d,3
4054,0,6e,3
4055,0,6f,3
4056,0,70,3
4057,0,71,3
4058,0,72,3
4059,0,73,3
4060,0,74,3
4061,0,75,3
4062,0,76,3
4063,0,77,3
4064,0,78,3
4065,0,79,3
4066,0,7a,3
4067,0,7b,3
4068,0,7c,3
4069,0,7d,3
4070,0,7e,3
4071,0,7f,3
4072,0,80,0
4073,0,81,0
4074,0,82,0
4075,0,83,0
4076,0,84,0
4077,0,85,0
4078,0,86,0
4079,0,87,0
4080,0,88,0
4081,0,89,0
4082,0,8a,0
4083,0,8b,0
4084,0,8c,0
4085,0,8d,0
4086,0,8e,0
4087,0,8f,0
4088,0,90,0
4089,0,91,0
4090,0,92,0
4091,0,93,0
4092,0,94,0
4093,0,95,0
4094,0,96,0
4095,0,97,0
